outlet_code,predicted_sales
outlet_code_1,35
outlet_code_10,86
outlet_code_100,78
outlet_code_1000,11
outlet_code_1001,11
outlet_code_1002,47
outlet_code_1003,47
outlet_code_1004,54
outlet_code_1005,66
outlet_code_1006,56
outlet_code_1007,54
outlet_code_1008,46
outlet_code_1009,43
outlet_code_101,74
outlet_code_1010,40
outlet_code_1011,20
outlet_code_1012,66
outlet_code_1013,63
outlet_code_1014,66
outlet_code_1015,14
outlet_code_1016,58
outlet_code_1017,40
outlet_code_1018,39
outlet_code_1019,39
outlet_code_102,80
outlet_code_1020,65
outlet_code_1021,21
outlet_code_1022,21
outlet_code_1023,20
outlet_code_1024,63
outlet_code_1025,64
outlet_code_1026,64
outlet_code_1027,82
outlet_code_1028,48
outlet_code_1029,11
outlet_code_103,40
outlet_code_1030,9
outlet_code_1031,12
outlet_code_1032,13
outlet_code_1033,14
outlet_code_1034,12
outlet_code_1035,48
outlet_code_1036,32
outlet_code_1037,53
outlet_code_1038,57
outlet_code_1039,79
outlet_code_104,14
outlet_code_1040,51
outlet_code_1041,52
outlet_code_1042,49
outlet_code_1043,29
outlet_code_1044,32
outlet_code_1045,63
outlet_code_1046,61
outlet_code_1047,23
outlet_code_1048,21
outlet_code_1049,21
outlet_code_105,12
outlet_code_1050,60
outlet_code_1051,61
outlet_code_1052,59
outlet_code_1053,56
outlet_code_1054,12
outlet_code_1055,13
outlet_code_1056,13
outlet_code_1057,53
outlet_code_1058,33
outlet_code_1059,46
outlet_code_106,49
outlet_code_1060,67
outlet_code_1061,6
outlet_code_1062,33
outlet_code_1063,30
outlet_code_1064,60
outlet_code_1065,58
outlet_code_1066,59
outlet_code_1067,55
outlet_code_1068,60
outlet_code_1069,61
outlet_code_107,29
outlet_code_1070,58
outlet_code_1071,14
outlet_code_1072,15
outlet_code_1073,35
outlet_code_1074,66
outlet_code_1075,49
outlet_code_1076,66
outlet_code_1077,38
outlet_code_1078,44
outlet_code_1079,26
outlet_code_108,43
outlet_code_1080,6
outlet_code_1081,7
outlet_code_1082,6
outlet_code_1083,29
outlet_code_1084,40
outlet_code_1085,65
outlet_code_1086,21
outlet_code_1087,23
outlet_code_1088,21
outlet_code_1089,21
outlet_code_109,53
outlet_code_1090,61
outlet_code_1091,62
outlet_code_1092,63
outlet_code_1093,59
outlet_code_1094,61
outlet_code_1095,11
outlet_code_1096,13
outlet_code_1097,50
outlet_code_1098,31
outlet_code_1099,47
outlet_code_11,87
outlet_code_110,47
outlet_code_1100,54
outlet_code_1101,74
outlet_code_1102,54
outlet_code_1103,54
outlet_code_1104,54
outlet_code_1105,41
outlet_code_1106,38
outlet_code_1107,20
outlet_code_1108,22
outlet_code_1109,23
outlet_code_111,57
outlet_code_1110,21
outlet_code_1111,22
outlet_code_1112,21
outlet_code_1113,20
outlet_code_1114,60
outlet_code_1115,58
outlet_code_1116,57
outlet_code_1117,61
outlet_code_1118,54
outlet_code_1119,48
outlet_code_112,24
outlet_code_1120,56
outlet_code_1121,12
outlet_code_1122,14
outlet_code_1123,16
outlet_code_1124,62
outlet_code_1125,34
outlet_code_1126,46
outlet_code_1127,49
outlet_code_1128,40
outlet_code_1129,59
outlet_code_113,29
outlet_code_1130,61
outlet_code_1131,70
outlet_code_1132,41
outlet_code_1133,41
outlet_code_1134,56
outlet_code_1135,20
outlet_code_1136,58
outlet_code_1137,62
outlet_code_1138,58
outlet_code_1139,61
outlet_code_114,28
outlet_code_1140,57
outlet_code_1141,63
outlet_code_1142,65
outlet_code_1143,63
outlet_code_1144,11
outlet_code_1145,16
outlet_code_1146,51
outlet_code_1147,51
outlet_code_1148,51
outlet_code_1149,37
outlet_code_115,36
outlet_code_1150,54
outlet_code_1151,52
outlet_code_1152,33
outlet_code_1153,19
outlet_code_1154,63
outlet_code_1155,20
outlet_code_1156,16
outlet_code_1157,60
outlet_code_1158,61
outlet_code_1159,60
outlet_code_116,85
outlet_code_1160,60
outlet_code_1161,61
outlet_code_1162,60
outlet_code_1163,59
outlet_code_1164,72
outlet_code_1165,52
outlet_code_1166,54
outlet_code_1167,40
outlet_code_1168,7
outlet_code_1169,21
outlet_code_117,84
outlet_code_1170,18
outlet_code_1171,22
outlet_code_1172,25
outlet_code_1173,25
outlet_code_1174,37
outlet_code_1175,61
outlet_code_1176,64
outlet_code_1177,66
outlet_code_1178,18
outlet_code_1179,20
outlet_code_118,85
outlet_code_1180,65
outlet_code_1181,67
outlet_code_1182,66
outlet_code_1183,65
outlet_code_1184,68
outlet_code_1185,55
outlet_code_1186,14
outlet_code_1187,14
outlet_code_1188,34
outlet_code_1189,51
outlet_code_119,22
outlet_code_1190,49
outlet_code_1191,53
outlet_code_1192,35
outlet_code_1193,25
outlet_code_1194,8
outlet_code_1195,66
outlet_code_1196,68
outlet_code_1197,20
outlet_code_1198,19
outlet_code_1199,18
outlet_code_12,19
outlet_code_120,18
outlet_code_1200,64
outlet_code_1201,68
outlet_code_1202,65
outlet_code_1203,64
outlet_code_1204,57
outlet_code_1205,15
outlet_code_1206,16
outlet_code_1207,45
outlet_code_1208,62
outlet_code_1209,42
outlet_code_121,21
outlet_code_1210,53
outlet_code_1211,58
outlet_code_1212,46
outlet_code_1213,26
outlet_code_1214,27
outlet_code_1215,5
outlet_code_1216,27
outlet_code_1217,19
outlet_code_1218,21
outlet_code_1219,64
outlet_code_122,22
outlet_code_1220,64
outlet_code_1221,65
outlet_code_1222,62
outlet_code_1223,65
outlet_code_1224,67
outlet_code_1225,67
outlet_code_1226,65
outlet_code_1227,63
outlet_code_1228,66
outlet_code_1229,53
outlet_code_123,22
outlet_code_1230,84
outlet_code_1231,13
outlet_code_1232,48
outlet_code_1233,51
outlet_code_1234,51
outlet_code_1235,81
outlet_code_1236,55
outlet_code_1237,49
outlet_code_1238,20
outlet_code_1239,70
outlet_code_124,81
outlet_code_1240,66
outlet_code_1241,19
outlet_code_1242,69
outlet_code_1243,65
outlet_code_1244,65
outlet_code_1245,66
outlet_code_1246,45
outlet_code_1247,15
outlet_code_1248,11
outlet_code_1249,45
outlet_code_125,75
outlet_code_1250,52
outlet_code_1251,58
outlet_code_1252,48
outlet_code_1253,63
outlet_code_1254,35
outlet_code_1255,50
outlet_code_1256,43
outlet_code_1257,50
outlet_code_1258,53
outlet_code_1259,22
outlet_code_126,68
outlet_code_1260,18
outlet_code_1261,21
outlet_code_1262,70
outlet_code_1263,66
outlet_code_1264,70
outlet_code_1265,69
outlet_code_1266,11
outlet_code_1267,32
outlet_code_1268,38
outlet_code_1269,51
outlet_code_127,69
outlet_code_1270,54
outlet_code_1271,37
outlet_code_1272,65
outlet_code_1273,20
outlet_code_1274,18
outlet_code_1275,20
outlet_code_1276,21
outlet_code_1277,18
outlet_code_1278,18
outlet_code_1279,19
outlet_code_128,69
outlet_code_1280,70
outlet_code_1281,65
outlet_code_1282,68
outlet_code_1283,72
outlet_code_1284,60
outlet_code_1285,15
outlet_code_1286,47
outlet_code_1287,42
outlet_code_1288,52
outlet_code_1289,27
outlet_code_129,44
outlet_code_1290,7
outlet_code_1291,7
outlet_code_1292,21
outlet_code_1293,18
outlet_code_1294,21
outlet_code_1295,66
outlet_code_1296,56
outlet_code_1297,13
outlet_code_1298,13
outlet_code_1299,14
outlet_code_13,21
outlet_code_130,13
outlet_code_1300,56
outlet_code_1301,48
outlet_code_1302,41
outlet_code_1303,57
outlet_code_1304,55
outlet_code_1305,41
outlet_code_1306,50
outlet_code_1307,41
outlet_code_1308,21
outlet_code_1309,18
outlet_code_131,14
outlet_code_1310,69
outlet_code_1311,16
outlet_code_1312,14
outlet_code_1313,13
outlet_code_1314,15
outlet_code_1315,14
outlet_code_1316,44
outlet_code_1317,38
outlet_code_1318,32
outlet_code_1319,49
outlet_code_132,13
outlet_code_1320,33
outlet_code_1321,7
outlet_code_1322,5
outlet_code_1323,27
outlet_code_1324,28
outlet_code_1325,27
outlet_code_1326,19
outlet_code_1327,18
outlet_code_1328,68
outlet_code_1329,69
outlet_code_133,11
outlet_code_1330,67
outlet_code_1331,71
outlet_code_1332,55
outlet_code_1333,57
outlet_code_1334,11
outlet_code_1335,34
outlet_code_1336,55
outlet_code_1337,31
outlet_code_1338,50
outlet_code_1339,7
outlet_code_134,53
outlet_code_1340,22
outlet_code_1341,26
outlet_code_1342,31
outlet_code_1343,42
outlet_code_1344,24
outlet_code_1345,21
outlet_code_1346,72
outlet_code_1347,71
outlet_code_1348,19
outlet_code_1349,18
outlet_code_135,53
outlet_code_1350,72
outlet_code_1351,69
outlet_code_1352,71
outlet_code_1353,63
outlet_code_1354,47
outlet_code_1355,15
outlet_code_1356,14
outlet_code_1357,13
outlet_code_1358,13
outlet_code_1359,56
outlet_code_136,40
outlet_code_1360,47
outlet_code_1361,51
outlet_code_1362,17
outlet_code_1363,39
outlet_code_1364,25
outlet_code_1365,68
outlet_code_1366,66
outlet_code_1367,69
outlet_code_1368,65
outlet_code_1369,65
outlet_code_137,29
outlet_code_1370,68
outlet_code_1371,68
outlet_code_1372,67
outlet_code_1373,68
outlet_code_1374,66
outlet_code_1375,65
outlet_code_1376,66
outlet_code_1377,41
outlet_code_1378,9
outlet_code_1379,10
outlet_code_138,48
outlet_code_1380,13
outlet_code_1381,12
outlet_code_1382,11
outlet_code_1383,42
outlet_code_1384,36
outlet_code_1385,35
outlet_code_1386,34
outlet_code_1387,57
outlet_code_1388,56
outlet_code_1389,67
outlet_code_139,4
outlet_code_1390,51
outlet_code_1391,6
outlet_code_1392,17
outlet_code_1393,21
outlet_code_1394,18
outlet_code_1395,67
outlet_code_1396,64
outlet_code_1397,66
outlet_code_1398,68
outlet_code_1399,11
outlet_code_14,79
outlet_code_140,5
outlet_code_1400,14
outlet_code_1401,12
outlet_code_1402,52
outlet_code_1403,37
outlet_code_1404,36
outlet_code_1405,52
outlet_code_1406,17
outlet_code_1407,17
outlet_code_1408,20
outlet_code_1409,71
outlet_code_141,26
outlet_code_1410,69
outlet_code_1411,68
outlet_code_1412,70
outlet_code_1413,67
outlet_code_1414,12
outlet_code_1415,11
outlet_code_1416,8
outlet_code_1417,14
outlet_code_1418,11
outlet_code_1419,10
outlet_code_142,23
outlet_code_1420,62
outlet_code_1421,43
outlet_code_1422,63
outlet_code_1423,61
outlet_code_1424,29
outlet_code_1425,33
outlet_code_1426,28
outlet_code_1427,25
outlet_code_1428,67
outlet_code_1429,20
outlet_code_143,23
outlet_code_1430,20
outlet_code_1431,62
outlet_code_1432,68
outlet_code_1433,44
outlet_code_1434,47
outlet_code_1435,58
outlet_code_1436,36
outlet_code_1437,45
outlet_code_1438,9
outlet_code_1439,13
outlet_code_144,25
outlet_code_1440,47
outlet_code_1441,43
outlet_code_1442,44
outlet_code_1443,68
outlet_code_1444,50
outlet_code_1445,50
outlet_code_1446,34
outlet_code_1447,37
outlet_code_1448,66
outlet_code_1449,61
outlet_code_145,22
outlet_code_1450,30
outlet_code_1451,23
outlet_code_1452,22
outlet_code_1453,35
outlet_code_1454,17
outlet_code_1455,67
outlet_code_1456,63
outlet_code_1457,67
outlet_code_1458,68
outlet_code_1459,44
outlet_code_146,74
outlet_code_1460,62
outlet_code_1461,68
outlet_code_1462,53
outlet_code_1463,9
outlet_code_1464,13
outlet_code_1465,11
outlet_code_1466,60
outlet_code_1467,64
outlet_code_1468,66
outlet_code_1469,46
outlet_code_147,22
outlet_code_1470,50
outlet_code_1471,77
outlet_code_1472,68
outlet_code_1473,52
outlet_code_1474,57
outlet_code_1475,65
outlet_code_1476,66
outlet_code_1477,68
outlet_code_1478,66
outlet_code_1479,63
outlet_code_148,71
outlet_code_1480,66
outlet_code_1481,62
outlet_code_1482,68
outlet_code_1483,66
outlet_code_1484,61
outlet_code_1485,62
outlet_code_1486,63
outlet_code_1487,65
outlet_code_1488,56
outlet_code_1489,46
outlet_code_149,74
outlet_code_1490,10
outlet_code_1491,14
outlet_code_1492,9
outlet_code_1493,10
outlet_code_1494,67
outlet_code_1495,55
outlet_code_1496,69
outlet_code_1497,53
outlet_code_1498,40
outlet_code_1499,6
outlet_code_15,78
outlet_code_150,75
outlet_code_1500,47
outlet_code_1501,34
outlet_code_1502,30
outlet_code_1503,65
outlet_code_1504,20
outlet_code_1505,18
outlet_code_1506,17
outlet_code_1507,60
outlet_code_1508,66
outlet_code_1509,59
outlet_code_151,76
outlet_code_1510,67
outlet_code_1511,65
outlet_code_1512,56
outlet_code_1513,55
outlet_code_1514,58
outlet_code_1515,58
outlet_code_1516,53
outlet_code_1517,80
outlet_code_1518,50
outlet_code_1519,10
outlet_code_152,76
outlet_code_1520,46
outlet_code_1521,82
outlet_code_1522,74
outlet_code_1523,36
outlet_code_1524,26
outlet_code_1525,24
outlet_code_1526,62
outlet_code_1527,61
outlet_code_1528,61
outlet_code_1529,20
outlet_code_153,76
outlet_code_1530,65
outlet_code_1531,65
outlet_code_1532,63
outlet_code_1533,52
outlet_code_1534,68
outlet_code_1535,11
outlet_code_1536,59
outlet_code_1537,31
outlet_code_1538,54
outlet_code_1539,6
outlet_code_154,77
outlet_code_1540,5
outlet_code_1541,25
outlet_code_1542,64
outlet_code_1543,20
outlet_code_1544,21
outlet_code_1545,64
outlet_code_1546,63
outlet_code_1547,61
outlet_code_1548,63
outlet_code_1549,57
outlet_code_155,76
outlet_code_1550,61
outlet_code_1551,14
outlet_code_1552,12
outlet_code_1553,13
outlet_code_1554,54
outlet_code_1555,47
outlet_code_1556,35
outlet_code_1557,46
outlet_code_1558,57
outlet_code_1559,53
outlet_code_156,38
outlet_code_1560,41
outlet_code_1561,7
outlet_code_1562,45
outlet_code_1563,33
outlet_code_1564,17
outlet_code_1565,36
outlet_code_1566,26
outlet_code_1567,32
outlet_code_1568,32
outlet_code_1569,65
outlet_code_157,14
outlet_code_1570,67
outlet_code_1571,66
outlet_code_1572,66
outlet_code_1573,14
outlet_code_1574,10
outlet_code_1575,43
outlet_code_1576,69
outlet_code_1577,46
outlet_code_1578,33
outlet_code_1579,5
outlet_code_158,15
outlet_code_1580,6
outlet_code_1581,28
outlet_code_1582,31
outlet_code_1583,30
outlet_code_1584,34
outlet_code_1585,64
outlet_code_1586,68
outlet_code_1587,65
outlet_code_1588,65
outlet_code_1589,64
outlet_code_159,14
outlet_code_1590,20
outlet_code_1591,20
outlet_code_1592,65
outlet_code_1593,62
outlet_code_1594,62
outlet_code_1595,63
outlet_code_1596,63
outlet_code_1597,13
outlet_code_1598,14
outlet_code_1599,13
outlet_code_16,80
outlet_code_160,16
outlet_code_1600,14
outlet_code_1601,49
outlet_code_1602,39
outlet_code_1603,33
outlet_code_1604,42
outlet_code_1605,6
outlet_code_1606,28
outlet_code_1607,32
outlet_code_1608,27
outlet_code_1609,29
outlet_code_161,38
outlet_code_1610,33
outlet_code_1611,64
outlet_code_1612,18
outlet_code_1613,19
outlet_code_1614,18
outlet_code_1615,20
outlet_code_1616,67
outlet_code_1617,66
outlet_code_1618,67
outlet_code_1619,66
outlet_code_162,44
outlet_code_1620,54
outlet_code_1621,14
outlet_code_1622,11
outlet_code_1623,10
outlet_code_1624,15
outlet_code_1625,45
outlet_code_1626,59
outlet_code_1627,52
outlet_code_1628,49
outlet_code_1629,73
outlet_code_163,39
outlet_code_1630,56
outlet_code_1631,48
outlet_code_1632,6
outlet_code_1633,32
outlet_code_1634,22
outlet_code_1635,30
outlet_code_1636,66
outlet_code_1637,63
outlet_code_1638,20
outlet_code_1639,63
outlet_code_164,38
outlet_code_1640,65
outlet_code_1641,63
outlet_code_1642,64
outlet_code_1643,62
outlet_code_1644,44
outlet_code_1645,16
outlet_code_1646,9
outlet_code_1647,9
outlet_code_1648,15
outlet_code_1649,41
outlet_code_165,57
outlet_code_1650,40
outlet_code_1651,62
outlet_code_1652,36
outlet_code_1653,38
outlet_code_1654,40
outlet_code_1655,47
outlet_code_1656,6
outlet_code_1657,29
outlet_code_1658,24
outlet_code_1659,65
outlet_code_166,34
outlet_code_1660,19
outlet_code_1661,67
outlet_code_1662,67
outlet_code_1663,64
outlet_code_1664,69
outlet_code_1665,66
outlet_code_1666,48
outlet_code_1667,11
outlet_code_1668,38
outlet_code_1669,43
outlet_code_167,34
outlet_code_1670,56
outlet_code_1671,35
outlet_code_1672,47
outlet_code_1673,55
outlet_code_1674,47
outlet_code_1675,53
outlet_code_1676,31
outlet_code_1677,42
outlet_code_1678,51
outlet_code_1679,35
outlet_code_168,31
outlet_code_1680,47
outlet_code_1681,7
outlet_code_1682,41
outlet_code_1683,18
outlet_code_1684,63
outlet_code_1685,18
outlet_code_1686,62
outlet_code_1687,62
outlet_code_1688,67
outlet_code_1689,64
outlet_code_169,24
outlet_code_1690,65
outlet_code_1691,55
outlet_code_1692,10
outlet_code_1693,12
outlet_code_1694,13
outlet_code_1695,38
outlet_code_1696,61
outlet_code_1697,36
outlet_code_1698,41
outlet_code_1699,31
outlet_code_17,73
outlet_code_170,4
outlet_code_1700,6
outlet_code_1701,25
outlet_code_1702,23
outlet_code_1703,67
outlet_code_1704,19
outlet_code_1705,68
outlet_code_1706,68
outlet_code_1707,68
outlet_code_1708,69
outlet_code_1709,69
outlet_code_171,31
outlet_code_1710,72
outlet_code_1711,50
outlet_code_1712,60
outlet_code_1713,9
outlet_code_1714,54
outlet_code_1715,44
outlet_code_1716,36
outlet_code_1717,59
outlet_code_1718,52
outlet_code_1719,47
outlet_code_172,22
outlet_code_1720,42
outlet_code_1721,41
outlet_code_1722,26
outlet_code_1723,29
outlet_code_1724,36
outlet_code_1725,22
outlet_code_1726,27
outlet_code_1727,70
outlet_code_1728,72
outlet_code_1729,17
outlet_code_173,78
outlet_code_1730,18
outlet_code_1731,19
outlet_code_1732,81
outlet_code_1733,80
outlet_code_1734,78
outlet_code_1735,77
outlet_code_1736,79
outlet_code_1737,78
outlet_code_1738,42
outlet_code_1739,10
outlet_code_174,78
outlet_code_1740,10
outlet_code_1741,14
outlet_code_1742,49
outlet_code_1743,32
outlet_code_1744,7
outlet_code_1745,28
outlet_code_1746,76
outlet_code_1747,77
outlet_code_1748,78
outlet_code_1749,78
outlet_code_175,79
outlet_code_1750,83
outlet_code_1751,80
outlet_code_1752,14
outlet_code_1753,14
outlet_code_1754,48
outlet_code_1755,55
outlet_code_1756,43
outlet_code_1757,42
outlet_code_1758,46
outlet_code_1759,43
outlet_code_176,43
outlet_code_1760,24
outlet_code_1761,6
outlet_code_1762,7
outlet_code_1763,27
outlet_code_1764,83
outlet_code_1765,80
outlet_code_1766,18
outlet_code_1767,80
outlet_code_1768,81
outlet_code_1769,79
outlet_code_177,14
outlet_code_1770,62
outlet_code_1771,66
outlet_code_1772,9
outlet_code_1773,10
outlet_code_1774,9
outlet_code_1775,37
outlet_code_1776,56
outlet_code_1777,51
outlet_code_1778,45
outlet_code_1779,55
outlet_code_178,37
outlet_code_1780,45
outlet_code_1781,72
outlet_code_1782,29
outlet_code_1783,26
outlet_code_1784,83
outlet_code_1785,84
outlet_code_1786,83
outlet_code_1787,80
outlet_code_1788,80
outlet_code_1789,69
outlet_code_179,37
outlet_code_1790,58
outlet_code_1791,10
outlet_code_1792,49
outlet_code_1793,40
outlet_code_1794,57
outlet_code_1795,57
outlet_code_1796,66
outlet_code_1797,26
outlet_code_1798,17
outlet_code_1799,20
outlet_code_18,67
outlet_code_180,29
outlet_code_1800,78
outlet_code_1801,77
outlet_code_1802,76
outlet_code_1803,76
outlet_code_1804,9
outlet_code_1805,9
outlet_code_1806,10
outlet_code_1807,39
outlet_code_1808,45
outlet_code_1809,56
outlet_code_181,28
outlet_code_1810,66
outlet_code_1811,41
outlet_code_1812,6
outlet_code_1813,34
outlet_code_1814,36
outlet_code_1815,27
outlet_code_1816,29
outlet_code_1817,79
outlet_code_1818,80
outlet_code_1819,79
outlet_code_182,59
outlet_code_1820,19
outlet_code_1821,19
outlet_code_1822,21
outlet_code_1823,19
outlet_code_1824,19
outlet_code_1825,80
outlet_code_1826,80
outlet_code_1827,82
outlet_code_1828,71
outlet_code_1829,8
outlet_code_183,34
outlet_code_1830,10
outlet_code_1831,9
outlet_code_1832,60
outlet_code_1833,52
outlet_code_1834,53
outlet_code_1835,31
outlet_code_1836,25
outlet_code_1837,28
outlet_code_1838,29
outlet_code_1839,84
outlet_code_184,25
outlet_code_1840,20
outlet_code_1841,21
outlet_code_1842,84
outlet_code_1843,86
outlet_code_1844,86
outlet_code_1845,82
outlet_code_1846,80
outlet_code_1847,83
outlet_code_1848,50
outlet_code_1849,14
outlet_code_185,4
outlet_code_1850,54
outlet_code_1851,46
outlet_code_1852,31
outlet_code_1853,32
outlet_code_1854,20
outlet_code_1855,20
outlet_code_1856,82
outlet_code_1857,80
outlet_code_1858,80
outlet_code_1859,50
outlet_code_186,31
outlet_code_1860,59
outlet_code_1861,12
outlet_code_1862,52
outlet_code_1863,46
outlet_code_1864,36
outlet_code_1865,29
outlet_code_1866,31
outlet_code_1867,32
outlet_code_1868,80
outlet_code_1869,79
outlet_code_187,31
outlet_code_1870,78
outlet_code_1871,80
outlet_code_1872,80
outlet_code_1873,81
outlet_code_1874,79
outlet_code_1875,77
outlet_code_1876,49
outlet_code_1877,11
outlet_code_1878,10
outlet_code_1879,44
outlet_code_188,31
outlet_code_1880,58
outlet_code_1881,55
outlet_code_1882,57
outlet_code_1883,42
outlet_code_1884,44
outlet_code_1885,60
outlet_code_1886,48
outlet_code_1887,59
outlet_code_1888,5
outlet_code_1889,6
outlet_code_189,43
outlet_code_1890,27
outlet_code_1891,27
outlet_code_1892,79
outlet_code_1893,79
outlet_code_1894,81
outlet_code_1895,80
outlet_code_1896,79
outlet_code_1897,78
outlet_code_1898,64
outlet_code_1899,42
outlet_code_19,8
outlet_code_190,76
outlet_code_1900,13
outlet_code_1901,52
outlet_code_1902,34
outlet_code_1903,52
outlet_code_1904,42
outlet_code_1905,37
outlet_code_1906,43
outlet_code_1907,6
outlet_code_1908,35
outlet_code_1909,36
outlet_code_191,71
outlet_code_1910,28
outlet_code_1911,81
outlet_code_1912,21
outlet_code_1913,19
outlet_code_1914,81
outlet_code_1915,80
outlet_code_1916,79
outlet_code_1917,81
outlet_code_1918,74
outlet_code_1919,81
outlet_code_192,80
outlet_code_1920,81
outlet_code_1921,42
outlet_code_1922,41
outlet_code_1923,14
outlet_code_1924,12
outlet_code_1925,41
outlet_code_1926,42
outlet_code_1927,41
outlet_code_1928,60
outlet_code_1929,70
outlet_code_193,82
outlet_code_1930,43
outlet_code_1931,37
outlet_code_1932,45
outlet_code_1933,37
outlet_code_1934,45
outlet_code_1935,84
outlet_code_1936,87
outlet_code_1937,21
outlet_code_1938,87
outlet_code_1939,88
outlet_code_194,79
outlet_code_1940,89
outlet_code_1941,89
outlet_code_1942,84
outlet_code_1943,85
outlet_code_1944,87
outlet_code_1945,32
outlet_code_1946,14
outlet_code_1947,49
outlet_code_1948,37
outlet_code_1949,74
outlet_code_195,35
outlet_code_1950,40
outlet_code_1951,49
outlet_code_1952,42
outlet_code_1953,34
outlet_code_1954,89
outlet_code_1955,22
outlet_code_1956,90
outlet_code_1957,88
outlet_code_1958,61
outlet_code_1959,61
outlet_code_196,58
outlet_code_1960,52
outlet_code_1961,49
outlet_code_1962,12
outlet_code_1963,16
outlet_code_1964,11
outlet_code_1965,49
outlet_code_1966,54
outlet_code_1967,47
outlet_code_1968,43
outlet_code_1969,57
outlet_code_197,47
outlet_code_1970,52
outlet_code_1971,56
outlet_code_1972,45
outlet_code_1973,22
outlet_code_1974,19
outlet_code_1975,89
outlet_code_1976,88
outlet_code_1977,90
outlet_code_1978,90
outlet_code_1979,89
outlet_code_198,44
outlet_code_1980,44
outlet_code_1981,58
outlet_code_1982,23
outlet_code_1983,42
outlet_code_1984,38
outlet_code_1985,32
outlet_code_1986,51
outlet_code_1987,40
outlet_code_1988,56
outlet_code_1989,44
outlet_code_199,55
outlet_code_1990,55
outlet_code_1991,29
outlet_code_1992,35
outlet_code_1993,50
outlet_code_1994,56
outlet_code_1995,38
outlet_code_1996,50
outlet_code_1997,34
outlet_code_1998,91
outlet_code_1999,23
outlet_code_2,49
outlet_code_20,14
outlet_code_200,41
outlet_code_2000,93
outlet_code_2001,91
outlet_code_2002,91
outlet_code_2003,98
outlet_code_2004,95
outlet_code_2005,94
outlet_code_2006,70
outlet_code_2007,64
outlet_code_2008,13
outlet_code_2009,16
outlet_code_201,5
outlet_code_2010,10
outlet_code_2011,46
outlet_code_2012,47
outlet_code_2013,32
outlet_code_2014,56
outlet_code_2015,36
outlet_code_2016,47
outlet_code_2017,59
outlet_code_2018,42
outlet_code_2019,6
outlet_code_202,5
outlet_code_2020,28
outlet_code_2021,43
outlet_code_2022,93
outlet_code_2023,19
outlet_code_2024,95
outlet_code_2025,93
outlet_code_2026,94
outlet_code_2027,91
outlet_code_2028,96
outlet_code_2029,51
outlet_code_203,35
outlet_code_2030,46
outlet_code_2031,16
outlet_code_2032,13
outlet_code_2033,11
outlet_code_2034,42
outlet_code_2035,43
outlet_code_2036,49
outlet_code_2037,37
outlet_code_2038,45
outlet_code_2039,36
outlet_code_204,30
outlet_code_2040,42
outlet_code_2041,36
outlet_code_2042,5
outlet_code_2043,5
outlet_code_2044,34
outlet_code_2045,97
outlet_code_2046,98
outlet_code_2047,99
outlet_code_2048,68
outlet_code_2049,46
outlet_code_205,41
outlet_code_2050,57
outlet_code_2051,12
outlet_code_2052,55
outlet_code_2053,55
outlet_code_2054,49
outlet_code_2055,60
outlet_code_2056,44
outlet_code_2057,49
outlet_code_2058,5
outlet_code_2059,5
outlet_code_206,79
outlet_code_2060,32
outlet_code_2061,28
outlet_code_2062,93
outlet_code_2063,20
outlet_code_2064,17
outlet_code_2065,21
outlet_code_2066,20
outlet_code_2067,19
outlet_code_2068,18
outlet_code_2069,20
outlet_code_207,83
outlet_code_2070,92
outlet_code_2071,95
outlet_code_2072,46
outlet_code_2073,56
outlet_code_2074,39
outlet_code_2075,13
outlet_code_2076,14
outlet_code_2077,14
outlet_code_2078,14
outlet_code_2079,13
outlet_code_208,84
outlet_code_2080,47
outlet_code_2081,43
outlet_code_2082,38
outlet_code_2083,56
outlet_code_2084,41
outlet_code_2085,44
outlet_code_2086,56
outlet_code_2087,57
outlet_code_2088,58
outlet_code_2089,44
outlet_code_209,20
outlet_code_2090,57
outlet_code_2091,39
outlet_code_2092,72
outlet_code_2093,30
outlet_code_2094,32
outlet_code_2095,5
outlet_code_2096,22
outlet_code_2097,26
outlet_code_2098,23
outlet_code_2099,31
outlet_code_21,12
outlet_code_210,23
outlet_code_2100,23
outlet_code_2101,33
outlet_code_2102,94
outlet_code_2103,21
outlet_code_2104,95
outlet_code_2105,96
outlet_code_2106,91
outlet_code_2107,95
outlet_code_2108,95
outlet_code_2109,95
outlet_code_211,22
outlet_code_2110,96
outlet_code_2111,45
outlet_code_2112,63
outlet_code_2113,48
outlet_code_2114,14
outlet_code_2115,48
outlet_code_2116,48
outlet_code_2117,24
outlet_code_2118,35
outlet_code_2119,25
outlet_code_212,75
outlet_code_2120,91
outlet_code_2121,93
outlet_code_2122,22
outlet_code_2123,91
outlet_code_2124,87
outlet_code_2125,87
outlet_code_2126,87
outlet_code_2127,88
outlet_code_2128,87
outlet_code_2129,88
outlet_code_213,81
outlet_code_2130,88
outlet_code_2131,15
outlet_code_2132,44
outlet_code_2133,54
outlet_code_2134,46
outlet_code_2135,31
outlet_code_2136,5
outlet_code_2137,28
outlet_code_2138,28
outlet_code_2139,26
outlet_code_214,81
outlet_code_2140,84
outlet_code_2141,19
outlet_code_2142,20
outlet_code_2143,19
outlet_code_2144,20
outlet_code_2145,82
outlet_code_2146,85
outlet_code_2147,76
outlet_code_2148,73
outlet_code_2149,77
outlet_code_215,41
outlet_code_2150,76
outlet_code_2151,74
outlet_code_2152,41
outlet_code_2153,13
outlet_code_2154,12
outlet_code_2155,14
outlet_code_2156,11
outlet_code_2157,44
outlet_code_2158,37
outlet_code_2159,26
outlet_code_216,34
outlet_code_2160,51
outlet_code_2161,7
outlet_code_2162,28
outlet_code_2163,22
outlet_code_2164,19
outlet_code_2165,19
outlet_code_2166,77
outlet_code_2167,79
outlet_code_2168,73
outlet_code_2169,74
outlet_code_217,11
outlet_code_2170,72
outlet_code_2171,71
outlet_code_2172,72
outlet_code_2173,44
outlet_code_2174,13
outlet_code_2175,55
outlet_code_2176,45
outlet_code_2177,39
outlet_code_2178,46
outlet_code_2179,49
outlet_code_218,13
outlet_code_2180,41
outlet_code_2181,25
outlet_code_2182,23
outlet_code_2183,30
outlet_code_2184,19
outlet_code_2185,19
outlet_code_2186,22
outlet_code_2187,71
outlet_code_2188,70
outlet_code_2189,64
outlet_code_219,10
outlet_code_2190,87
outlet_code_2191,13
outlet_code_2192,14
outlet_code_2193,65
outlet_code_2194,45
outlet_code_2195,60
outlet_code_2196,24
outlet_code_2197,5
outlet_code_2198,26
outlet_code_2199,21
outlet_code_22,53
outlet_code_220,12
outlet_code_2200,30
outlet_code_2201,73
outlet_code_2202,72
outlet_code_2203,18
outlet_code_2204,79
outlet_code_2205,75
outlet_code_2206,76
outlet_code_2207,81
outlet_code_2208,78
outlet_code_2209,80
outlet_code_221,40
outlet_code_2210,57
outlet_code_2211,69
outlet_code_2212,11
outlet_code_2213,13
outlet_code_2214,56
outlet_code_2215,48
outlet_code_2216,41
outlet_code_2217,58
outlet_code_2218,74
outlet_code_2219,45
outlet_code_222,35
outlet_code_2220,60
outlet_code_2221,32
outlet_code_2222,23
outlet_code_2223,74
outlet_code_2224,19
outlet_code_2225,20
outlet_code_2226,18
outlet_code_2227,74
outlet_code_2228,78
outlet_code_2229,74
outlet_code_223,42
outlet_code_2230,75
outlet_code_2231,29
outlet_code_2232,45
outlet_code_2233,12
outlet_code_2234,13
outlet_code_2235,13
outlet_code_2236,46
outlet_code_2237,64
outlet_code_2238,37
outlet_code_2239,46
outlet_code_224,60
outlet_code_2240,26
outlet_code_2241,34
outlet_code_2242,24
outlet_code_2243,25
outlet_code_2244,29
outlet_code_2245,73
outlet_code_2246,19
outlet_code_2247,15
outlet_code_2248,22
outlet_code_2249,77
outlet_code_225,35
outlet_code_2250,78
outlet_code_2251,75
outlet_code_2252,74
outlet_code_2253,73
outlet_code_2254,75
outlet_code_2255,81
outlet_code_2256,76
outlet_code_2257,46
outlet_code_2258,66
outlet_code_2259,13
outlet_code_226,46
outlet_code_2260,14
outlet_code_2261,51
outlet_code_2262,51
outlet_code_2263,41
outlet_code_2264,47
outlet_code_2265,43
outlet_code_2266,65
outlet_code_2267,45
outlet_code_2268,37
outlet_code_2269,21
outlet_code_227,35
outlet_code_2270,18
outlet_code_2271,18
outlet_code_2272,23
outlet_code_2273,82
outlet_code_2274,79
outlet_code_2275,83
outlet_code_2276,40
outlet_code_2277,41
outlet_code_2278,13
outlet_code_2279,37
outlet_code_228,46
outlet_code_2280,46
outlet_code_2281,35
outlet_code_2282,5
outlet_code_2283,23
outlet_code_2284,77
outlet_code_2285,79
outlet_code_2286,17
outlet_code_2287,21
outlet_code_2288,20
outlet_code_2289,22
outlet_code_229,56
outlet_code_2290,20
outlet_code_2291,79
outlet_code_2292,73
outlet_code_2293,73
outlet_code_2294,79
outlet_code_2295,76
outlet_code_2296,11
outlet_code_2297,15
outlet_code_2298,14
outlet_code_2299,55
outlet_code_23,52
outlet_code_230,6
outlet_code_2300,38
outlet_code_2301,51
outlet_code_2302,56
outlet_code_2303,58
outlet_code_2304,54
outlet_code_2305,39
outlet_code_2306,23
outlet_code_2307,29
outlet_code_2308,29
outlet_code_2309,70
outlet_code_231,6
outlet_code_2310,19
outlet_code_2311,72
outlet_code_2312,68
outlet_code_2313,69
outlet_code_2314,70
outlet_code_2315,72
outlet_code_2316,72
outlet_code_2317,69
outlet_code_2318,51
outlet_code_2319,47
outlet_code_232,6
outlet_code_2320,48
outlet_code_2321,67
outlet_code_2322,48
outlet_code_2323,14
outlet_code_2324,15
outlet_code_2325,42
outlet_code_2326,46
outlet_code_2327,56
outlet_code_2328,45
outlet_code_2329,23
outlet_code_233,22
outlet_code_2330,25
outlet_code_2331,20
outlet_code_2332,19
outlet_code_2333,73
outlet_code_2334,21
outlet_code_2335,20
outlet_code_2336,69
outlet_code_2337,72
outlet_code_2338,72
outlet_code_2339,69
outlet_code_234,28
outlet_code_2340,76
outlet_code_2341,70
outlet_code_2342,67
outlet_code_2343,73
outlet_code_2344,14
outlet_code_2345,15
outlet_code_2346,15
outlet_code_2347,13
outlet_code_2348,15
outlet_code_2349,43
outlet_code_235,29
outlet_code_2350,54
outlet_code_2351,23
outlet_code_2352,29
outlet_code_2353,24
outlet_code_2354,21
outlet_code_2355,65
outlet_code_2356,17
outlet_code_2357,19
outlet_code_2358,20
outlet_code_2359,17
outlet_code_236,21
outlet_code_2360,64
outlet_code_2361,65
outlet_code_2362,75
outlet_code_2363,72
outlet_code_2364,73
outlet_code_2365,63
outlet_code_2366,44
outlet_code_2367,16
outlet_code_2368,15
outlet_code_2369,15
outlet_code_237,16
outlet_code_2370,59
outlet_code_2371,56
outlet_code_2372,50
outlet_code_2373,55
outlet_code_2374,52
outlet_code_2375,47
outlet_code_2376,7
outlet_code_2377,25
outlet_code_2378,28
outlet_code_2379,69
outlet_code_238,79
outlet_code_2380,72
outlet_code_2381,19
outlet_code_2382,69
outlet_code_2383,75
outlet_code_2384,68
outlet_code_2385,48
outlet_code_2386,48
outlet_code_2387,15
outlet_code_2388,33
outlet_code_2389,63
outlet_code_239,78
outlet_code_2390,38
outlet_code_2391,45
outlet_code_2392,47
outlet_code_2393,34
outlet_code_2394,42
outlet_code_2395,42
outlet_code_2396,37
outlet_code_2397,29
outlet_code_2398,31
outlet_code_2399,26
outlet_code_24,76
outlet_code_240,81
outlet_code_2400,70
outlet_code_2401,20
outlet_code_2402,20
outlet_code_2403,21
outlet_code_2404,19
outlet_code_2405,71
outlet_code_2406,73
outlet_code_2407,72
outlet_code_2408,73
outlet_code_2409,71
outlet_code_241,78
outlet_code_2410,72
outlet_code_2411,66
outlet_code_2412,44
outlet_code_2413,39
outlet_code_2414,13
outlet_code_2415,14
outlet_code_2416,38
outlet_code_2417,34
outlet_code_2418,23
outlet_code_2419,27
outlet_code_242,45
outlet_code_2420,21
outlet_code_2421,70
outlet_code_2422,18
outlet_code_2423,69
outlet_code_2424,67
outlet_code_2425,68
outlet_code_2426,70
outlet_code_2427,72
outlet_code_2428,70
outlet_code_2429,13
outlet_code_243,10
outlet_code_2430,12
outlet_code_2431,11
outlet_code_2432,13
outlet_code_2433,47
outlet_code_2434,41
outlet_code_2435,43
outlet_code_2436,38
outlet_code_2437,38
outlet_code_2438,45
outlet_code_2439,61
outlet_code_244,14
outlet_code_2440,24
outlet_code_2441,23
outlet_code_2442,70
outlet_code_2443,67
outlet_code_2444,70
outlet_code_2445,66
outlet_code_2446,12
outlet_code_2447,58
outlet_code_2448,43
outlet_code_2449,36
outlet_code_245,10
outlet_code_2450,57
outlet_code_2451,40
outlet_code_2452,60
outlet_code_2453,28
outlet_code_2454,30
outlet_code_2455,29
outlet_code_2456,73
outlet_code_2457,19
outlet_code_2458,18
outlet_code_2459,18
outlet_code_246,54
outlet_code_2460,73
outlet_code_2461,70
outlet_code_2462,70
outlet_code_2463,70
outlet_code_2464,71
outlet_code_2465,69
outlet_code_2466,72
outlet_code_2467,66
outlet_code_2468,47
outlet_code_2469,12
outlet_code_247,35
outlet_code_2470,12
outlet_code_2471,57
outlet_code_2472,43
outlet_code_2473,53
outlet_code_2474,54
outlet_code_2475,54
outlet_code_2476,5
outlet_code_2477,5
outlet_code_2478,5
outlet_code_2479,20
outlet_code_248,44
outlet_code_2480,27
outlet_code_2481,68
outlet_code_2482,18
outlet_code_2483,19
outlet_code_2484,68
outlet_code_2485,67
outlet_code_2486,69
outlet_code_2487,52
outlet_code_2488,10
outlet_code_2489,15
outlet_code_249,59
outlet_code_2490,14
outlet_code_2491,12
outlet_code_2492,15
outlet_code_2493,55
outlet_code_2494,55
outlet_code_2495,74
outlet_code_2496,32
outlet_code_2497,74
outlet_code_2498,76
outlet_code_2499,74
outlet_code_25,6
outlet_code_250,60
outlet_code_2500,76
outlet_code_2501,76
outlet_code_2502,72
outlet_code_2503,74
outlet_code_2504,48
outlet_code_2505,28
outlet_code_2506,74
outlet_code_2507,47
outlet_code_2508,73
outlet_code_2509,47
outlet_code_251,51
outlet_code_2510,54
outlet_code_2511,64
outlet_code_2512,39
outlet_code_2513,48
outlet_code_2514,68
outlet_code_2515,39
outlet_code_2516,24
outlet_code_2517,27
outlet_code_2518,34
outlet_code_2519,77
outlet_code_252,7
outlet_code_2520,74
outlet_code_2521,74
outlet_code_2522,77
outlet_code_2523,17
outlet_code_2524,79
outlet_code_2525,76
outlet_code_2526,52
outlet_code_2527,69
outlet_code_2528,61
outlet_code_2529,11
outlet_code_253,41
outlet_code_2530,13
outlet_code_2531,39
outlet_code_2532,34
outlet_code_2533,46
outlet_code_2534,76
outlet_code_2535,60
outlet_code_2536,35
outlet_code_2537,48
outlet_code_2538,46
outlet_code_2539,62
outlet_code_254,76
outlet_code_2540,46
outlet_code_2541,45
outlet_code_2542,53
outlet_code_2543,34
outlet_code_2544,28
outlet_code_2545,19
outlet_code_2546,20
outlet_code_2547,21
outlet_code_2548,18
outlet_code_2549,75
outlet_code_255,22
outlet_code_2550,79
outlet_code_2551,77
outlet_code_2552,74
outlet_code_2553,81
outlet_code_2554,80
outlet_code_2555,77
outlet_code_2556,77
outlet_code_2557,14
outlet_code_2558,15
outlet_code_2559,13
outlet_code_256,20
outlet_code_2560,43
outlet_code_2561,69
outlet_code_2562,43
outlet_code_2563,68
outlet_code_2564,50
outlet_code_2565,6
outlet_code_2566,34
outlet_code_2567,31
outlet_code_2568,18
outlet_code_2569,18
outlet_code_257,23
outlet_code_2570,17
outlet_code_2571,18
outlet_code_2572,74
outlet_code_2573,73
outlet_code_2574,57
outlet_code_2575,15
outlet_code_2576,13
outlet_code_2577,15
outlet_code_2578,84
outlet_code_2579,44
outlet_code_258,75
outlet_code_2580,44
outlet_code_2581,89
outlet_code_2582,61
outlet_code_2583,6
outlet_code_2584,29
outlet_code_2585,36
outlet_code_2586,77
outlet_code_2587,74
outlet_code_2588,17
outlet_code_2589,18
outlet_code_259,78
outlet_code_2590,72
outlet_code_2591,75
outlet_code_2592,72
outlet_code_2593,71
outlet_code_2594,73
outlet_code_2595,71
outlet_code_2596,76
outlet_code_2597,74
outlet_code_2598,74
outlet_code_2599,64
outlet_code_26,6
outlet_code_260,73
outlet_code_2600,63
outlet_code_2601,48
outlet_code_2602,59
outlet_code_2603,65
outlet_code_2604,14
outlet_code_2605,14
outlet_code_2606,47
outlet_code_2607,46
outlet_code_2608,47
outlet_code_2609,63
outlet_code_261,71
outlet_code_2610,6
outlet_code_2611,38
outlet_code_2612,29
outlet_code_2613,77
outlet_code_2614,75
outlet_code_2615,77
outlet_code_2616,74
outlet_code_2617,75
outlet_code_2618,79
outlet_code_2619,76
outlet_code_262,58
outlet_code_2620,13
outlet_code_2621,12
outlet_code_2622,60
outlet_code_2623,49
outlet_code_2624,47
outlet_code_2625,43
outlet_code_2626,53
outlet_code_2627,48
outlet_code_2628,6
outlet_code_2629,5
outlet_code_263,45
outlet_code_2630,20
outlet_code_2631,85
outlet_code_2632,87
outlet_code_2633,17
outlet_code_2634,19
outlet_code_2635,80
outlet_code_2636,85
outlet_code_2637,81
outlet_code_2638,78
outlet_code_2639,81
outlet_code_264,9
outlet_code_2640,83
outlet_code_2641,35
outlet_code_2642,48
outlet_code_2643,56
outlet_code_2644,56
outlet_code_2645,47
outlet_code_2646,59
outlet_code_2647,58
outlet_code_2648,47
outlet_code_2649,60
outlet_code_265,14
outlet_code_2650,45
outlet_code_2651,6
outlet_code_2652,18
outlet_code_2653,83
outlet_code_2654,83
outlet_code_2655,18
outlet_code_2656,22
outlet_code_2657,21
outlet_code_2658,83
outlet_code_2659,84
outlet_code_266,39
outlet_code_2660,80
outlet_code_2661,83
outlet_code_2662,83
outlet_code_2663,83
outlet_code_2664,78
outlet_code_2665,49
outlet_code_2666,42
outlet_code_2667,70
outlet_code_2668,41
outlet_code_2669,44
outlet_code_267,37
outlet_code_2670,46
outlet_code_2671,58
outlet_code_2672,55
outlet_code_2673,50
outlet_code_2674,16
outlet_code_2675,19
outlet_code_2676,26
outlet_code_2677,18
outlet_code_2678,25
outlet_code_2679,75
outlet_code_268,33
outlet_code_2680,15
outlet_code_2681,20
outlet_code_2682,80
outlet_code_2683,78
outlet_code_2684,79
outlet_code_2685,77
outlet_code_2686,75
outlet_code_2687,76
outlet_code_2688,79
outlet_code_2689,62
outlet_code_269,6
outlet_code_2690,13
outlet_code_2691,13
outlet_code_2692,10
outlet_code_2693,13
outlet_code_2694,12
outlet_code_2695,12
outlet_code_2696,13
outlet_code_2697,58
outlet_code_2698,66
outlet_code_2699,48
outlet_code_27,23
outlet_code_270,6
outlet_code_2700,56
outlet_code_2701,26
outlet_code_2702,26
outlet_code_2703,79
outlet_code_2704,79
outlet_code_2705,78
outlet_code_2706,79
outlet_code_2707,21
outlet_code_2708,19
outlet_code_2709,79
outlet_code_271,27
outlet_code_2710,80
outlet_code_2711,82
outlet_code_2712,83
outlet_code_2713,79
outlet_code_2714,79
outlet_code_2715,68
outlet_code_2716,49
outlet_code_2717,68
outlet_code_2718,66
outlet_code_2719,45
outlet_code_272,20
outlet_code_2720,56
outlet_code_2721,50
outlet_code_2722,64
outlet_code_2723,58
outlet_code_2724,62
outlet_code_2725,47
outlet_code_2726,43
outlet_code_2727,5
outlet_code_2728,38
outlet_code_2729,27
outlet_code_273,78
outlet_code_2730,21
outlet_code_2731,79
outlet_code_2732,81
outlet_code_2733,78
outlet_code_2734,21
outlet_code_2735,17
outlet_code_2736,79
outlet_code_2737,74
outlet_code_2738,75
outlet_code_2739,79
outlet_code_274,76
outlet_code_2740,15
outlet_code_2741,12
outlet_code_2742,49
outlet_code_2743,35
outlet_code_2744,36
outlet_code_2745,49
outlet_code_2746,58
outlet_code_2747,55
outlet_code_2748,52
outlet_code_2749,5
outlet_code_275,71
outlet_code_2750,30
outlet_code_2751,19
outlet_code_2752,34
outlet_code_2753,27
outlet_code_2754,24
outlet_code_2755,74
outlet_code_2756,19
outlet_code_2757,77
outlet_code_2758,76
outlet_code_2759,77
outlet_code_276,78
outlet_code_2760,11
outlet_code_2761,12
outlet_code_2762,12
outlet_code_2763,15
outlet_code_2764,14
outlet_code_2765,46
outlet_code_2766,67
outlet_code_2767,57
outlet_code_2768,58
outlet_code_2769,43
outlet_code_277,38
outlet_code_2770,50
outlet_code_2771,5
outlet_code_2772,26
outlet_code_2773,25
outlet_code_2774,76
outlet_code_2775,18
outlet_code_2776,18
outlet_code_2777,19
outlet_code_2778,79
outlet_code_2779,78
outlet_code_278,52
outlet_code_2780,77
outlet_code_2781,77
outlet_code_2782,77
outlet_code_2783,76
outlet_code_2784,81
outlet_code_2785,80
outlet_code_2786,79
outlet_code_2787,53
outlet_code_2788,67
outlet_code_2789,11
outlet_code_279,13
outlet_code_2790,12
outlet_code_2791,63
outlet_code_2792,62
outlet_code_2793,48
outlet_code_2794,73
outlet_code_2795,6
outlet_code_2796,18
outlet_code_2797,21
outlet_code_2798,82
outlet_code_2799,79
outlet_code_28,22
outlet_code_280,14
outlet_code_2800,77
outlet_code_2801,78
outlet_code_2802,80
outlet_code_2803,47
outlet_code_2804,87
outlet_code_2805,12
outlet_code_2806,12
outlet_code_2807,57
outlet_code_2808,39
outlet_code_2809,47
outlet_code_281,38
outlet_code_2810,83
outlet_code_2811,41
outlet_code_2812,19
outlet_code_2813,32
outlet_code_2814,20
outlet_code_2815,78
outlet_code_2816,73
outlet_code_2817,63
outlet_code_2818,61
outlet_code_2819,86
outlet_code_282,54
outlet_code_2820,38
outlet_code_2821,75
outlet_code_2822,48
outlet_code_2823,42
outlet_code_2824,73
outlet_code_2825,43
outlet_code_2826,26
outlet_code_2827,27
outlet_code_2828,23
outlet_code_2829,23
outlet_code_283,54
outlet_code_2830,21
outlet_code_2831,79
outlet_code_2832,73
outlet_code_2833,75
outlet_code_2834,74
outlet_code_2835,70
outlet_code_2836,54
outlet_code_2837,77
outlet_code_2838,61
outlet_code_2839,14
outlet_code_284,49
outlet_code_2840,13
outlet_code_2841,9
outlet_code_2842,58
outlet_code_2843,53
outlet_code_2844,66
outlet_code_2845,39
outlet_code_2846,42
outlet_code_2847,37
outlet_code_2848,46
outlet_code_2849,34
outlet_code_285,43
outlet_code_2850,29
outlet_code_2851,19
outlet_code_2852,18
outlet_code_2853,20
outlet_code_2854,18
outlet_code_2855,76
outlet_code_2856,71
outlet_code_2857,72
outlet_code_2858,50
outlet_code_2859,67
outlet_code_286,34
outlet_code_2860,60
outlet_code_2861,72
outlet_code_2862,12
outlet_code_2863,49
outlet_code_2864,20
outlet_code_2865,28
outlet_code_2866,72
outlet_code_2867,74
outlet_code_2868,73
outlet_code_2869,12
outlet_code_287,28
outlet_code_2870,12
outlet_code_2871,12
outlet_code_2872,11
outlet_code_2873,46
outlet_code_2874,74
outlet_code_2875,47
outlet_code_2876,46
outlet_code_2877,46
outlet_code_2878,60
outlet_code_2879,21
outlet_code_288,73
outlet_code_2880,32
outlet_code_2881,24
outlet_code_2882,16
outlet_code_2883,40
outlet_code_2884,31
outlet_code_2885,37
outlet_code_2886,71
outlet_code_2887,72
outlet_code_2888,22
outlet_code_2889,73
outlet_code_289,22
outlet_code_2890,74
outlet_code_2891,68
outlet_code_2892,62
outlet_code_2893,54
outlet_code_2894,68
outlet_code_2895,91
outlet_code_2896,10
outlet_code_2897,11
outlet_code_2898,58
outlet_code_2899,63
outlet_code_29,22
outlet_code_290,20
outlet_code_2900,49
outlet_code_2901,50
outlet_code_2902,51
outlet_code_2903,47
outlet_code_2904,58
outlet_code_2905,34
outlet_code_2906,46
outlet_code_2907,20
outlet_code_2908,27
outlet_code_2909,30
outlet_code_291,72
outlet_code_2910,30
outlet_code_2911,26
outlet_code_2912,18
outlet_code_2913,79
outlet_code_2914,78
outlet_code_2915,75
outlet_code_2916,76
outlet_code_2917,74
outlet_code_2918,74
outlet_code_2919,79
outlet_code_292,74
outlet_code_2920,74
outlet_code_2921,73
outlet_code_2922,72
outlet_code_2923,10
outlet_code_2924,13
outlet_code_2925,13
outlet_code_2926,45
outlet_code_2927,45
outlet_code_2928,50
outlet_code_2929,39
outlet_code_293,58
outlet_code_2930,53
outlet_code_2931,48
outlet_code_2932,40
outlet_code_2933,55
outlet_code_2934,61
outlet_code_2935,6
outlet_code_2936,23
outlet_code_2937,18
outlet_code_2938,30
outlet_code_2939,20
outlet_code_294,15
outlet_code_2940,78
outlet_code_2941,77
outlet_code_2942,18
outlet_code_2943,18
outlet_code_2944,79
outlet_code_2945,81
outlet_code_2946,79
outlet_code_2947,49
outlet_code_2948,12
outlet_code_2949,12
outlet_code_295,14
outlet_code_2950,15
outlet_code_2951,12
outlet_code_2952,52
outlet_code_2953,45
outlet_code_2954,46
outlet_code_2955,44
outlet_code_2956,44
outlet_code_2957,52
outlet_code_2958,34
outlet_code_2959,6
outlet_code_296,15
outlet_code_2960,31
outlet_code_2961,26
outlet_code_2962,31
outlet_code_2963,31
outlet_code_2964,84
outlet_code_2965,19
outlet_code_2966,19
outlet_code_2967,19
outlet_code_2968,85
outlet_code_2969,83
outlet_code_297,13
outlet_code_2970,83
outlet_code_2971,84
outlet_code_2972,54
outlet_code_2973,12
outlet_code_2974,12
outlet_code_2975,12
outlet_code_2976,57
outlet_code_2977,57
outlet_code_2978,46
outlet_code_2979,55
outlet_code_298,15
outlet_code_2980,35
outlet_code_2981,6
outlet_code_2982,31
outlet_code_2983,20
outlet_code_2984,19
outlet_code_2985,30
outlet_code_2986,20
outlet_code_2987,87
outlet_code_2988,86
outlet_code_2989,86
outlet_code_299,10
outlet_code_2990,83
outlet_code_2991,19
outlet_code_2992,22
outlet_code_2993,20
outlet_code_2994,19
outlet_code_2995,84
outlet_code_2996,86
outlet_code_2997,88
outlet_code_2998,44
outlet_code_2999,42
outlet_code_3,47
outlet_code_30,66
outlet_code_300,15
outlet_code_3000,50
outlet_code_3001,12
outlet_code_3002,14
outlet_code_3003,12
outlet_code_3004,13
outlet_code_3005,55
outlet_code_3006,47
outlet_code_3007,60
outlet_code_3008,50
outlet_code_3009,47
outlet_code_301,13
outlet_code_3010,57
outlet_code_3011,34
outlet_code_3012,8
outlet_code_3013,88
outlet_code_3014,24
outlet_code_3015,19
outlet_code_3016,93
outlet_code_3017,91
outlet_code_3018,54
outlet_code_3019,36
outlet_code_302,12
outlet_code_3020,42
outlet_code_3021,44
outlet_code_3022,46
outlet_code_3023,38
outlet_code_3024,38
outlet_code_3025,26
outlet_code_3026,38
outlet_code_3027,30
outlet_code_3028,92
outlet_code_3029,23
outlet_code_303,44
outlet_code_3030,20
outlet_code_3031,88
outlet_code_3032,88
outlet_code_3033,91
outlet_code_3034,88
outlet_code_3035,84
outlet_code_3036,87
outlet_code_3037,87
outlet_code_3038,15
outlet_code_3039,12
outlet_code_304,45
outlet_code_3040,64
outlet_code_3041,39
outlet_code_3042,39
outlet_code_3043,54
outlet_code_3044,55
outlet_code_3045,37
outlet_code_3046,5
outlet_code_3047,20
outlet_code_3048,32
outlet_code_3049,19
outlet_code_305,29
outlet_code_3050,21
outlet_code_3051,18
outlet_code_3052,87
outlet_code_3053,87
outlet_code_3054,85
outlet_code_3055,90
outlet_code_3056,89
outlet_code_3057,90
outlet_code_3058,13
outlet_code_3059,50
outlet_code_306,31
outlet_code_3060,55
outlet_code_3061,57
outlet_code_3062,55
outlet_code_3063,36
outlet_code_3064,55
outlet_code_3065,48
outlet_code_3066,42
outlet_code_3067,42
outlet_code_3068,27
outlet_code_3069,36
outlet_code_307,31
outlet_code_3070,24
outlet_code_3071,24
outlet_code_3072,21
outlet_code_3073,21
outlet_code_3074,23
outlet_code_3075,24
outlet_code_3076,85
outlet_code_3077,18
outlet_code_3078,93
outlet_code_3079,92
outlet_code_308,29
outlet_code_3080,64
outlet_code_3081,13
outlet_code_3082,12
outlet_code_3083,14
outlet_code_3084,12
outlet_code_3085,55
outlet_code_3086,39
outlet_code_3087,55
outlet_code_3088,42
outlet_code_3089,57
outlet_code_309,21
outlet_code_3090,51
outlet_code_3091,41
outlet_code_3092,29
outlet_code_3093,23
outlet_code_3094,4
outlet_code_3095,5
outlet_code_3096,27
outlet_code_3097,19
outlet_code_3098,19
outlet_code_3099,89
outlet_code_31,67
outlet_code_310,71
outlet_code_3100,89
outlet_code_3101,49
outlet_code_3102,60
outlet_code_3103,73
outlet_code_3104,53
outlet_code_3105,57
outlet_code_3106,55
outlet_code_3107,37
outlet_code_3108,58
outlet_code_3109,64
outlet_code_311,69
outlet_code_3110,58
outlet_code_3111,7
outlet_code_3112,5
outlet_code_3113,5
outlet_code_3114,25
outlet_code_3115,26
outlet_code_3116,20
outlet_code_3117,23
outlet_code_3118,94
outlet_code_3119,20
outlet_code_312,74
outlet_code_3120,20
outlet_code_3121,92
outlet_code_3122,93
outlet_code_3123,87
outlet_code_3124,55
outlet_code_3125,54
outlet_code_3126,43
outlet_code_3127,73
outlet_code_3128,52
outlet_code_3129,47
outlet_code_313,68
outlet_code_3130,55
outlet_code_3131,60
outlet_code_3132,64
outlet_code_3133,37
outlet_code_3134,57
outlet_code_3135,5
outlet_code_3136,29
outlet_code_3137,27
outlet_code_3138,86
outlet_code_3139,20
outlet_code_314,68
outlet_code_3140,93
outlet_code_3141,85
outlet_code_3142,92
outlet_code_3143,9
outlet_code_3144,15
outlet_code_3145,66
outlet_code_3146,47
outlet_code_3147,37
outlet_code_3148,50
outlet_code_3149,59
outlet_code_315,69
outlet_code_3150,53
outlet_code_3151,51
outlet_code_3152,58
outlet_code_3153,64
outlet_code_3154,29
outlet_code_3155,31
outlet_code_3156,18
outlet_code_3157,37
outlet_code_3158,93
outlet_code_3159,21
outlet_code_316,45
outlet_code_3160,90
outlet_code_3161,86
outlet_code_3162,88
outlet_code_3163,72
outlet_code_3164,79
outlet_code_3165,11
outlet_code_3166,9
outlet_code_3167,11
outlet_code_3168,51
outlet_code_3169,56
outlet_code_317,36
outlet_code_3170,16
outlet_code_3171,16
outlet_code_3172,85
outlet_code_3173,19
outlet_code_3174,20
outlet_code_3175,88
outlet_code_3176,88
outlet_code_3177,85
outlet_code_3178,89
outlet_code_3179,45
outlet_code_318,42
outlet_code_3180,12
outlet_code_3181,13
outlet_code_3182,48
outlet_code_3183,40
outlet_code_3184,61
outlet_code_3185,50
outlet_code_3186,50
outlet_code_3187,38
outlet_code_3188,33
outlet_code_3189,19
outlet_code_319,39
outlet_code_3190,89
outlet_code_3191,91
outlet_code_3192,90
outlet_code_3193,87
outlet_code_3194,89
outlet_code_3195,13
outlet_code_3196,12
outlet_code_3197,9
outlet_code_3198,42
outlet_code_3199,53
outlet_code_32,19
outlet_code_320,35
outlet_code_3200,55
outlet_code_3201,49
outlet_code_3202,41
outlet_code_3203,33
outlet_code_3204,49
outlet_code_3205,34
outlet_code_3206,52
outlet_code_3207,34
outlet_code_3208,18
outlet_code_3209,19
outlet_code_321,56
outlet_code_3210,19
outlet_code_3211,20
outlet_code_3212,89
outlet_code_3213,87
outlet_code_3214,89
outlet_code_3215,91
outlet_code_3216,44
outlet_code_3217,11
outlet_code_3218,13
outlet_code_3219,39
outlet_code_322,43
outlet_code_3220,52
outlet_code_3221,51
outlet_code_3222,53
outlet_code_3223,31
outlet_code_3224,23
outlet_code_3225,20
outlet_code_3226,88
outlet_code_3227,90
outlet_code_3228,91
outlet_code_3229,88
outlet_code_323,40
outlet_code_3230,88
outlet_code_3231,90
outlet_code_3232,60
outlet_code_3233,12
outlet_code_3234,12
outlet_code_3235,12
outlet_code_3236,12
outlet_code_3237,31
outlet_code_3238,39
outlet_code_3239,64
outlet_code_324,40
outlet_code_3240,45
outlet_code_3241,50
outlet_code_3242,53
outlet_code_3243,44
outlet_code_3244,21
outlet_code_3245,33
outlet_code_3246,34
outlet_code_3247,19
outlet_code_3248,85
outlet_code_3249,84
outlet_code_325,37
outlet_code_3250,81
outlet_code_3251,87
outlet_code_3252,87
outlet_code_3253,86
outlet_code_3254,56
outlet_code_3255,37
outlet_code_3256,48
outlet_code_3257,10
outlet_code_3258,11
outlet_code_3259,48
outlet_code_326,5
outlet_code_3260,53
outlet_code_3261,55
outlet_code_3262,58
outlet_code_3263,4
outlet_code_3264,4
outlet_code_3265,20
outlet_code_3266,20
outlet_code_3267,83
outlet_code_3268,20
outlet_code_3269,84
outlet_code_327,30
outlet_code_3270,86
outlet_code_3271,88
outlet_code_3272,86
outlet_code_3273,83
outlet_code_3274,85
outlet_code_3275,83
outlet_code_3276,46
outlet_code_3277,38
outlet_code_3278,15
outlet_code_3279,14
outlet_code_328,31
outlet_code_3280,14
outlet_code_3281,12
outlet_code_3282,13
outlet_code_3283,59
outlet_code_3284,65
outlet_code_3285,46
outlet_code_3286,69
outlet_code_3287,49
outlet_code_3288,25
outlet_code_3289,30
outlet_code_329,34
outlet_code_3290,85
outlet_code_3291,21
outlet_code_3292,19
outlet_code_3293,20
outlet_code_3294,88
outlet_code_3295,90
outlet_code_3296,62
outlet_code_3297,13
outlet_code_3298,14
outlet_code_3299,12
outlet_code_33,18
outlet_code_330,26
outlet_code_3300,50
outlet_code_3301,51
outlet_code_3302,52
outlet_code_3303,41
outlet_code_3304,47
outlet_code_3305,45
outlet_code_3306,66
outlet_code_3307,5
outlet_code_3308,29
outlet_code_3309,92
outlet_code_331,30
outlet_code_3310,92
outlet_code_3311,90
outlet_code_3312,91
outlet_code_3313,91
outlet_code_3314,92
outlet_code_3315,92
outlet_code_3316,92
outlet_code_3317,91
outlet_code_3318,50
outlet_code_3319,14
outlet_code_332,29
outlet_code_3320,12
outlet_code_3321,48
outlet_code_3322,64
outlet_code_3323,40
outlet_code_3324,4
outlet_code_3325,22
outlet_code_3326,29
outlet_code_3327,29
outlet_code_3328,22
outlet_code_3329,29
outlet_code_333,65
outlet_code_3330,89
outlet_code_3331,83
outlet_code_3332,88
outlet_code_3333,88
outlet_code_3334,87
outlet_code_3335,88
outlet_code_3336,11
outlet_code_3337,13
outlet_code_3338,13
outlet_code_3339,12
outlet_code_334,19
outlet_code_3340,34
outlet_code_3341,37
outlet_code_3342,58
outlet_code_3343,5
outlet_code_3344,6
outlet_code_3345,30
outlet_code_3346,21
outlet_code_3347,26
outlet_code_3348,18
outlet_code_3349,88
outlet_code_335,21
outlet_code_3350,92
outlet_code_3351,84
outlet_code_3352,45
outlet_code_3353,11
outlet_code_3354,12
outlet_code_3355,54
outlet_code_3356,74
outlet_code_3357,41
outlet_code_3358,48
outlet_code_3359,39
outlet_code_336,70
outlet_code_3360,47
outlet_code_3361,45
outlet_code_3362,48
outlet_code_3363,21
outlet_code_3364,31
outlet_code_3365,90
outlet_code_3366,20
outlet_code_3367,22
outlet_code_3368,91
outlet_code_3369,87
outlet_code_337,70
outlet_code_3370,83
outlet_code_3371,88
outlet_code_3372,89
outlet_code_3373,12
outlet_code_3374,11
outlet_code_3375,13
outlet_code_3376,14
outlet_code_3377,12
outlet_code_3378,12
outlet_code_3379,12
outlet_code_338,65
outlet_code_3380,37
outlet_code_3381,77
outlet_code_3382,59
outlet_code_3383,65
outlet_code_3384,4
outlet_code_3385,6
outlet_code_3386,25
outlet_code_3387,18
outlet_code_3388,84
outlet_code_3389,90
outlet_code_339,45
outlet_code_3390,32
outlet_code_3391,13
outlet_code_3392,43
outlet_code_3393,40
outlet_code_3394,50
outlet_code_3395,75
outlet_code_3396,50
outlet_code_3397,50
outlet_code_3398,42
outlet_code_3399,5
outlet_code_34,62
outlet_code_340,36
outlet_code_3400,19
outlet_code_3401,29
outlet_code_3402,27
outlet_code_3403,24
outlet_code_3404,31
outlet_code_3405,88
outlet_code_3406,89
outlet_code_3407,18
outlet_code_3408,89
outlet_code_3409,89
outlet_code_341,10
outlet_code_3410,90
outlet_code_3411,88
outlet_code_3412,11
outlet_code_3413,11
outlet_code_3414,34
outlet_code_3415,59
outlet_code_3416,5
outlet_code_3417,27
outlet_code_3418,29
outlet_code_3419,23
outlet_code_342,13
outlet_code_3420,19
outlet_code_3421,17
outlet_code_3422,85
outlet_code_3423,90
outlet_code_3424,84
outlet_code_3425,82
outlet_code_3426,83
outlet_code_3427,62
outlet_code_3428,45
outlet_code_3429,12
outlet_code_343,11
outlet_code_3430,14
outlet_code_3431,49
outlet_code_3432,34
outlet_code_3433,46
outlet_code_3434,38
outlet_code_3435,30
outlet_code_3436,21
outlet_code_3437,24
outlet_code_3438,23
outlet_code_3439,23
outlet_code_344,13
outlet_code_3440,26
outlet_code_3441,31
outlet_code_3442,21
outlet_code_3443,16
outlet_code_3444,90
outlet_code_3445,82
outlet_code_3446,89
outlet_code_3447,50
outlet_code_3448,11
outlet_code_3449,13
outlet_code_345,9
outlet_code_3450,44
outlet_code_3451,49
outlet_code_3452,49
outlet_code_3453,61
outlet_code_3454,46
outlet_code_3455,45
outlet_code_3456,23
outlet_code_3457,23
outlet_code_3458,21
outlet_code_3459,22
outlet_code_346,41
outlet_code_3460,31
outlet_code_3461,88
outlet_code_3462,85
outlet_code_3463,20
outlet_code_3464,87
outlet_code_3465,86
outlet_code_3466,89
outlet_code_3467,61
outlet_code_3468,12
outlet_code_3469,14
outlet_code_347,39
outlet_code_3470,11
outlet_code_3471,12
outlet_code_3472,13
outlet_code_3473,45
outlet_code_3474,53
outlet_code_3475,38
outlet_code_3476,5
outlet_code_3477,4
outlet_code_3478,25
outlet_code_3479,90
outlet_code_348,44
outlet_code_3480,22
outlet_code_3481,18
outlet_code_3482,20
outlet_code_3483,20
outlet_code_3484,90
outlet_code_3485,90
outlet_code_3486,91
outlet_code_3487,88
outlet_code_3488,92
outlet_code_3489,91
outlet_code_349,42
outlet_code_3490,93
outlet_code_3491,45
outlet_code_3492,49
outlet_code_3493,15
outlet_code_3494,14
outlet_code_3495,48
outlet_code_3496,53
outlet_code_3497,53
outlet_code_3498,42
outlet_code_3499,46
outlet_code_35,67
outlet_code_350,60
outlet_code_3500,46
outlet_code_3501,35
outlet_code_3502,22
outlet_code_3503,30
outlet_code_3504,93
outlet_code_3505,94
outlet_code_3506,22
outlet_code_3507,20
outlet_code_3508,95
outlet_code_3509,95
outlet_code_351,35
outlet_code_3510,51
outlet_code_3511,51
outlet_code_3512,16
outlet_code_3513,15
outlet_code_3514,51
outlet_code_3515,51
outlet_code_3516,47
outlet_code_3517,69
outlet_code_3518,47
outlet_code_3519,54
outlet_code_352,44
outlet_code_3520,5
outlet_code_3521,5
outlet_code_3522,6
outlet_code_3523,30
outlet_code_3524,27
outlet_code_3525,28
outlet_code_3526,30
outlet_code_3527,88
outlet_code_3528,96
outlet_code_3529,92
outlet_code_353,49
outlet_code_3530,88
outlet_code_3531,88
outlet_code_3532,87
outlet_code_3533,88
outlet_code_3534,43
outlet_code_3535,14
outlet_code_3536,15
outlet_code_3537,14
outlet_code_3538,63
outlet_code_3539,36
outlet_code_354,37
outlet_code_3540,36
outlet_code_3541,41
outlet_code_3542,51
outlet_code_3543,48
outlet_code_3544,32
outlet_code_3545,61
outlet_code_3546,58
outlet_code_3547,50
outlet_code_3548,5
outlet_code_3549,31
outlet_code_355,31
outlet_code_3550,30
outlet_code_3551,32
outlet_code_3552,19
outlet_code_3553,22
outlet_code_3554,93
outlet_code_3555,88
outlet_code_3556,88
outlet_code_3557,91
outlet_code_3558,89
outlet_code_3559,91
outlet_code_356,32
outlet_code_3560,91
outlet_code_3561,13
outlet_code_3562,52
outlet_code_3563,43
outlet_code_3564,28
outlet_code_3565,40
outlet_code_3566,37
outlet_code_3567,36
outlet_code_3568,32
outlet_code_3569,48
outlet_code_357,31
outlet_code_3570,70
outlet_code_3571,92
outlet_code_3572,93
outlet_code_3573,92
outlet_code_3574,89
outlet_code_3575,91
outlet_code_3576,92
outlet_code_3577,19
outlet_code_3578,17
outlet_code_3579,18
outlet_code_358,30
outlet_code_3580,89
outlet_code_3581,90
outlet_code_3582,89
outlet_code_3583,93
outlet_code_3584,89
outlet_code_3585,72
outlet_code_3586,72
outlet_code_3587,38
outlet_code_3588,9
outlet_code_3589,12
outlet_code_359,44
outlet_code_3590,43
outlet_code_3591,38
outlet_code_3592,49
outlet_code_3593,50
outlet_code_3594,73
outlet_code_3595,49
outlet_code_3596,46
outlet_code_3597,36
outlet_code_3598,29
outlet_code_3599,30
outlet_code_36,62
outlet_code_360,34
outlet_code_3600,25
outlet_code_3601,32
outlet_code_3602,19
outlet_code_3603,28
outlet_code_3604,59
outlet_code_3605,47
outlet_code_3606,10
outlet_code_3607,11
outlet_code_3608,48
outlet_code_3609,59
outlet_code_361,63
outlet_code_3610,60
outlet_code_3611,44
outlet_code_3612,50
outlet_code_3613,28
outlet_code_3614,88
outlet_code_3615,88
outlet_code_3616,92
outlet_code_3617,89
outlet_code_3618,86
outlet_code_3619,50
outlet_code_362,19
outlet_code_3620,13
outlet_code_3621,12
outlet_code_3622,46
outlet_code_3623,42
outlet_code_3624,36
outlet_code_3625,47
outlet_code_3626,29
outlet_code_3627,29
outlet_code_3628,22
outlet_code_3629,23
outlet_code_363,23
outlet_code_3630,92
outlet_code_3631,94
outlet_code_3632,20
outlet_code_3633,22
outlet_code_3634,19
outlet_code_3635,89
outlet_code_3636,91
outlet_code_3637,87
outlet_code_3638,88
outlet_code_3639,87
outlet_code_364,21
outlet_code_3640,63
outlet_code_3641,69
outlet_code_3642,56
outlet_code_3643,60
outlet_code_3644,51
outlet_code_3645,67
outlet_code_3646,42
outlet_code_3647,67
outlet_code_3648,52
outlet_code_3649,40
outlet_code_365,20
outlet_code_3650,42
outlet_code_3651,49
outlet_code_3652,43
outlet_code_3653,48
outlet_code_3654,51
outlet_code_3655,49
outlet_code_3656,37
outlet_code_3657,51
outlet_code_3658,5
outlet_code_3659,18
outlet_code_366,66
outlet_code_3660,21
outlet_code_3661,14
outlet_code_3662,17
outlet_code_3663,19
outlet_code_3664,21
outlet_code_3665,22
outlet_code_3666,21
outlet_code_3667,89
outlet_code_3668,91
outlet_code_3669,92
outlet_code_367,68
outlet_code_3670,91
outlet_code_3671,90
outlet_code_3672,95
outlet_code_3673,56
outlet_code_3674,16
outlet_code_3675,45
outlet_code_3676,37
outlet_code_3677,61
outlet_code_3678,5
outlet_code_3679,5
outlet_code_368,70
outlet_code_3680,18
outlet_code_3681,23
outlet_code_3682,21
outlet_code_3683,94
outlet_code_3684,53
outlet_code_3685,53
outlet_code_3686,12
outlet_code_3687,10
outlet_code_3688,12
outlet_code_3689,12
outlet_code_369,46
outlet_code_3690,51
outlet_code_3691,56
outlet_code_3692,5
outlet_code_3693,24
outlet_code_3694,17
outlet_code_3695,99
outlet_code_3696,100
outlet_code_3697,94
outlet_code_3698,93
outlet_code_3699,102
outlet_code_37,60
outlet_code_370,54
outlet_code_3700,99
outlet_code_3701,17
outlet_code_3702,90
outlet_code_3703,90
outlet_code_3704,92
outlet_code_3705,91
outlet_code_3706,92
outlet_code_3707,96
outlet_code_3708,90
outlet_code_3709,12
outlet_code_371,11
outlet_code_3710,11
outlet_code_3711,12
outlet_code_3712,12
outlet_code_3713,13
outlet_code_3714,53
outlet_code_3715,38
outlet_code_3716,53
outlet_code_3717,50
outlet_code_3718,28
outlet_code_3719,25
outlet_code_372,13
outlet_code_3720,94
outlet_code_3721,87
outlet_code_3722,18
outlet_code_3723,18
outlet_code_3724,93
outlet_code_3725,87
outlet_code_3726,94
outlet_code_3727,87
outlet_code_3728,38
outlet_code_3729,10
outlet_code_373,43
outlet_code_3730,12
outlet_code_3731,10
outlet_code_3732,41
outlet_code_3733,50
outlet_code_3734,41
outlet_code_3735,41
outlet_code_3736,46
outlet_code_3737,49
outlet_code_3738,44
outlet_code_3739,28
outlet_code_374,45
outlet_code_3740,18
outlet_code_3741,31
outlet_code_3742,30
outlet_code_3743,40
outlet_code_3744,21
outlet_code_3745,21
outlet_code_3746,92
outlet_code_3747,85
outlet_code_3748,85
outlet_code_3749,57
outlet_code_375,49
outlet_code_3750,12
outlet_code_3751,13
outlet_code_3752,14
outlet_code_3753,13
outlet_code_3754,12
outlet_code_3755,42
outlet_code_3756,39
outlet_code_3757,57
outlet_code_3758,44
outlet_code_3759,63
outlet_code_376,45
outlet_code_3760,47
outlet_code_3761,38
outlet_code_3762,45
outlet_code_3763,25
outlet_code_3764,25
outlet_code_3765,85
outlet_code_3766,94
outlet_code_3767,36
outlet_code_3768,36
outlet_code_3769,51
outlet_code_377,44
outlet_code_3770,45
outlet_code_3771,76
outlet_code_3772,51
outlet_code_3773,38
outlet_code_3774,5
outlet_code_3775,90
outlet_code_3776,96
outlet_code_3777,21
outlet_code_3778,87
outlet_code_3779,96
outlet_code_378,46
outlet_code_3780,92
outlet_code_3781,88
outlet_code_3782,14
outlet_code_3783,11
outlet_code_3784,12
outlet_code_3785,41
outlet_code_3786,44
outlet_code_3787,37
outlet_code_3788,53
outlet_code_3789,38
outlet_code_379,40
outlet_code_3790,41
outlet_code_3791,30
outlet_code_3792,36
outlet_code_3793,17
outlet_code_3794,85
outlet_code_3795,60
outlet_code_3796,62
outlet_code_3797,57
outlet_code_3798,57
outlet_code_3799,12
outlet_code_38,64
outlet_code_380,45
outlet_code_3800,11
outlet_code_3801,13
outlet_code_3802,15
outlet_code_3803,45
outlet_code_3804,57
outlet_code_3805,49
outlet_code_3806,51
outlet_code_3807,43
outlet_code_3808,38
outlet_code_3809,50
outlet_code_381,40
outlet_code_3810,5
outlet_code_3811,30
outlet_code_3812,22
outlet_code_3813,32
outlet_code_3814,18
outlet_code_3815,22
outlet_code_3816,21
outlet_code_3817,17
outlet_code_3818,18
outlet_code_3819,88
outlet_code_382,6
outlet_code_3820,90
outlet_code_3821,94
outlet_code_3822,90
outlet_code_3823,63
outlet_code_3824,72
outlet_code_3825,12
outlet_code_3826,12
outlet_code_3827,11
outlet_code_3828,13
outlet_code_3829,48
outlet_code_383,47
outlet_code_3830,49
outlet_code_3831,47
outlet_code_3832,41
outlet_code_3833,48
outlet_code_3834,42
outlet_code_3835,46
outlet_code_3836,48
outlet_code_3837,5
outlet_code_3838,34
outlet_code_3839,32
outlet_code_384,37
outlet_code_3840,23
outlet_code_3841,26
outlet_code_3842,29
outlet_code_3843,22
outlet_code_3844,91
outlet_code_3845,90
outlet_code_3846,91
outlet_code_3847,90
outlet_code_3848,19
outlet_code_3849,22
outlet_code_385,33
outlet_code_3850,91
outlet_code_3851,88
outlet_code_3852,88
outlet_code_3853,90
outlet_code_3854,52
outlet_code_3855,57
outlet_code_3856,16
outlet_code_3857,14
outlet_code_3858,14
outlet_code_3859,52
outlet_code_386,38
outlet_code_3860,44
outlet_code_3861,38
outlet_code_3862,38
outlet_code_3863,36
outlet_code_3864,53
outlet_code_3865,38
outlet_code_3866,46
outlet_code_3867,48
outlet_code_3868,26
outlet_code_3869,37
outlet_code_387,30
outlet_code_3870,27
outlet_code_3871,18
outlet_code_3872,18
outlet_code_3873,16
outlet_code_3874,89
outlet_code_3875,86
outlet_code_3876,88
outlet_code_3877,87
outlet_code_3878,86
outlet_code_3879,86
outlet_code_388,67
outlet_code_3880,14
outlet_code_3881,15
outlet_code_3882,15
outlet_code_3883,56
outlet_code_3884,51
outlet_code_3885,58
outlet_code_3886,21
outlet_code_3887,40
outlet_code_3888,17
outlet_code_3889,82
outlet_code_389,66
outlet_code_3890,86
outlet_code_3891,86
outlet_code_3892,47
outlet_code_3893,15
outlet_code_3894,15
outlet_code_3895,15
outlet_code_3896,14
outlet_code_3897,48
outlet_code_3898,50
outlet_code_3899,44
outlet_code_39,72
outlet_code_390,68
outlet_code_3900,64
outlet_code_3901,59
outlet_code_3902,41
outlet_code_3903,50
outlet_code_3904,21
outlet_code_3905,26
outlet_code_3906,88
outlet_code_3907,91
outlet_code_3908,87
outlet_code_3909,87
outlet_code_391,65
outlet_code_3910,92
outlet_code_3911,90
outlet_code_3912,59
outlet_code_3913,69
outlet_code_3914,14
outlet_code_3915,13
outlet_code_3916,13
outlet_code_3917,13
outlet_code_3918,66
outlet_code_3919,63
outlet_code_392,64
outlet_code_3920,51
outlet_code_3921,39
outlet_code_3922,28
outlet_code_3923,32
outlet_code_3924,28
outlet_code_3925,91
outlet_code_3926,93
outlet_code_3927,92
outlet_code_3928,93
outlet_code_3929,90
outlet_code_393,66
outlet_code_3930,93
outlet_code_3931,95
outlet_code_3932,52
outlet_code_3933,63
outlet_code_3934,62
outlet_code_3935,61
outlet_code_3936,12
outlet_code_3937,13
outlet_code_3938,13
outlet_code_3939,13
outlet_code_394,80
outlet_code_3940,45
outlet_code_3941,54
outlet_code_3942,50
outlet_code_3943,39
outlet_code_3944,51
outlet_code_3945,6
outlet_code_3946,8
outlet_code_3947,29
outlet_code_3948,25
outlet_code_3949,92
outlet_code_395,50
outlet_code_3950,21
outlet_code_3951,18
outlet_code_3952,92
outlet_code_3953,89
outlet_code_3954,92
outlet_code_3955,92
outlet_code_3956,57
outlet_code_3957,11
outlet_code_3958,11
outlet_code_3959,12
outlet_code_396,11
outlet_code_3960,60
outlet_code_3961,56
outlet_code_3962,52
outlet_code_3963,48
outlet_code_3964,70
outlet_code_3965,51
outlet_code_3966,59
outlet_code_3967,63
outlet_code_3968,55
outlet_code_3969,54
outlet_code_397,47
outlet_code_3970,58
outlet_code_3971,51
outlet_code_3972,24
outlet_code_3973,34
outlet_code_3974,92
outlet_code_3975,86
outlet_code_3976,89
outlet_code_3977,18
outlet_code_3978,18
outlet_code_3979,86
outlet_code_398,52
outlet_code_3980,84
outlet_code_3981,89
outlet_code_3982,75
outlet_code_3983,56
outlet_code_3984,14
outlet_code_3985,12
outlet_code_3986,16
outlet_code_3987,14
outlet_code_3988,56
outlet_code_3989,44
outlet_code_399,31
outlet_code_3990,47
outlet_code_3991,57
outlet_code_3992,48
outlet_code_3993,54
outlet_code_3994,26
outlet_code_3995,23
outlet_code_3996,85
outlet_code_3997,21
outlet_code_3998,22
outlet_code_3999,19
outlet_code_4,55
outlet_code_40,60
outlet_code_400,45
outlet_code_4000,83
outlet_code_4001,84
outlet_code_4002,40
outlet_code_4003,34
outlet_code_4004,52
outlet_code_4005,44
outlet_code_4006,11
outlet_code_4007,15
outlet_code_4008,15
outlet_code_4009,12
outlet_code_401,40
outlet_code_4010,51
outlet_code_4011,58
outlet_code_4012,33
outlet_code_4013,54
outlet_code_4014,43
outlet_code_4015,42
outlet_code_4016,56
outlet_code_4017,34
outlet_code_4018,47
outlet_code_4019,20
outlet_code_402,37
outlet_code_4020,21
outlet_code_4021,74
outlet_code_4022,78
outlet_code_4023,79
outlet_code_4024,47
outlet_code_4025,47
outlet_code_4026,12
outlet_code_4027,14
outlet_code_4028,55
outlet_code_4029,40
outlet_code_403,34
outlet_code_4030,36
outlet_code_4031,38
outlet_code_4032,27
outlet_code_4033,28
outlet_code_4034,73
outlet_code_4035,73
outlet_code_4036,71
outlet_code_4037,73
outlet_code_4038,71
outlet_code_4039,70
outlet_code_404,26
outlet_code_4040,55
outlet_code_4041,55
outlet_code_4042,13
outlet_code_4043,39
outlet_code_4044,50
outlet_code_4045,59
outlet_code_4046,72
outlet_code_4047,48
outlet_code_4048,58
outlet_code_4049,43
outlet_code_405,38
outlet_code_4050,59
outlet_code_4051,61
outlet_code_4052,20
outlet_code_4053,32
outlet_code_4054,23
outlet_code_4055,72
outlet_code_4056,18
outlet_code_4057,18
outlet_code_4058,21
outlet_code_4059,76
outlet_code_406,64
outlet_code_4060,51
outlet_code_4061,77
outlet_code_4062,11
outlet_code_4063,12
outlet_code_4064,14
outlet_code_4065,14
outlet_code_4066,13
outlet_code_4067,57
outlet_code_4068,56
outlet_code_4069,55
outlet_code_407,64
outlet_code_4070,64
outlet_code_4071,8
outlet_code_4072,34
outlet_code_4073,24
outlet_code_4074,21
outlet_code_4075,21
outlet_code_4076,20
outlet_code_4077,80
outlet_code_4078,76
outlet_code_4079,57
outlet_code_408,23
outlet_code_4080,13
outlet_code_4081,13
outlet_code_4082,57
outlet_code_4083,65
outlet_code_4084,36
outlet_code_4085,52
outlet_code_4086,56
outlet_code_4087,41
outlet_code_4088,8
outlet_code_4089,34
outlet_code_409,20
outlet_code_4090,43
outlet_code_4091,30
outlet_code_4092,32
outlet_code_4093,80
outlet_code_4094,77
outlet_code_4095,21
outlet_code_4096,20
outlet_code_4097,77
outlet_code_4098,75
outlet_code_4099,79
outlet_code_41,62
outlet_code_410,64
outlet_code_4100,59
outlet_code_4101,57
outlet_code_4102,59
outlet_code_4103,52
outlet_code_4104,53
outlet_code_4105,64
outlet_code_4106,8
outlet_code_4107,27
outlet_code_4108,35
outlet_code_4109,79
outlet_code_411,62
outlet_code_4110,18
outlet_code_4111,21
outlet_code_4112,19
outlet_code_4113,20
outlet_code_4114,18
outlet_code_4115,71
outlet_code_4116,70
outlet_code_4117,79
outlet_code_4118,81
outlet_code_4119,72
outlet_code_412,60
outlet_code_4120,53
outlet_code_4121,55
outlet_code_4122,50
outlet_code_4123,14
outlet_code_4124,14
outlet_code_4125,36
outlet_code_4126,30
outlet_code_4127,27
outlet_code_4128,21
outlet_code_4129,73
outlet_code_413,63
outlet_code_4130,73
outlet_code_4131,75
outlet_code_4132,80
outlet_code_4133,79
outlet_code_4134,75
outlet_code_4135,79
outlet_code_4136,77
outlet_code_4137,15
outlet_code_4138,15
outlet_code_4139,42
outlet_code_414,64
outlet_code_4140,48
outlet_code_4141,74
outlet_code_4142,41
outlet_code_4143,58
outlet_code_4144,56
outlet_code_4145,85
outlet_code_4146,57
outlet_code_4147,46
outlet_code_4148,7
outlet_code_4149,24
outlet_code_415,64
outlet_code_4150,19
outlet_code_4151,83
outlet_code_4152,83
outlet_code_4153,21
outlet_code_4154,22
outlet_code_4155,77
outlet_code_4156,80
outlet_code_4157,78
outlet_code_4158,78
outlet_code_4159,84
outlet_code_416,52
outlet_code_4160,54
outlet_code_4161,14
outlet_code_4162,14
outlet_code_4163,15
outlet_code_4164,49
outlet_code_4165,18
outlet_code_4166,16
outlet_code_4167,19
outlet_code_4168,80
outlet_code_4169,79
outlet_code_417,49
outlet_code_4170,80
outlet_code_4171,74
outlet_code_4172,82
outlet_code_4173,75
outlet_code_4174,82
outlet_code_4175,81
outlet_code_4176,65
outlet_code_4177,70
outlet_code_4178,14
outlet_code_4179,15
outlet_code_418,38
outlet_code_4180,43
outlet_code_4181,49
outlet_code_4182,49
outlet_code_4183,53
outlet_code_4184,41
outlet_code_4185,6
outlet_code_4186,7
outlet_code_4187,28
outlet_code_4188,20
outlet_code_4189,19
outlet_code_419,9
outlet_code_4190,79
outlet_code_4191,19
outlet_code_4192,21
outlet_code_4193,17
outlet_code_4194,21
outlet_code_4195,79
outlet_code_4196,74
outlet_code_4197,81
outlet_code_4198,74
outlet_code_4199,76
outlet_code_42,14
outlet_code_420,14
outlet_code_4200,83
outlet_code_421,73
outlet_code_422,56
outlet_code_423,36
outlet_code_424,35
outlet_code_425,4
outlet_code_426,31
outlet_code_427,28
outlet_code_428,65
outlet_code_429,64
outlet_code_43,14
outlet_code_430,63
outlet_code_431,21
outlet_code_432,20
outlet_code_433,65
outlet_code_434,64
outlet_code_435,65
outlet_code_436,64
outlet_code_437,66
outlet_code_438,12
outlet_code_439,13
outlet_code_44,15
outlet_code_440,15
outlet_code_441,9
outlet_code_442,11
outlet_code_443,39
outlet_code_444,41
outlet_code_445,66
outlet_code_446,40
outlet_code_447,37
outlet_code_448,46
outlet_code_449,40
outlet_code_45,15
outlet_code_450,37
outlet_code_451,26
outlet_code_452,19
outlet_code_453,20
outlet_code_454,20
outlet_code_455,64
outlet_code_456,64
outlet_code_457,64
outlet_code_458,66
outlet_code_459,66
outlet_code_46,16
outlet_code_460,63
outlet_code_461,63
outlet_code_462,38
outlet_code_463,12
outlet_code_464,11
outlet_code_465,12
outlet_code_466,33
outlet_code_467,50
outlet_code_468,34
outlet_code_469,38
outlet_code_47,15
outlet_code_470,32
outlet_code_471,30
outlet_code_472,38
outlet_code_473,30
outlet_code_474,30
outlet_code_475,5
outlet_code_476,4
outlet_code_477,23
outlet_code_478,18
outlet_code_479,25
outlet_code_48,47
outlet_code_480,62
outlet_code_481,65
outlet_code_482,21
outlet_code_483,19
outlet_code_484,18
outlet_code_485,62
outlet_code_486,64
outlet_code_487,62
outlet_code_488,62
outlet_code_489,62
outlet_code_49,59
outlet_code_490,66
outlet_code_491,10
outlet_code_492,10
outlet_code_493,36
outlet_code_494,34
outlet_code_495,57
outlet_code_496,46
outlet_code_497,37
outlet_code_498,57
outlet_code_499,44
outlet_code_5,39
outlet_code_50,36
outlet_code_500,5
outlet_code_501,6
outlet_code_502,25
outlet_code_503,19
outlet_code_504,18
outlet_code_505,18
outlet_code_506,19
outlet_code_507,65
outlet_code_508,64
outlet_code_509,64
outlet_code_51,51
outlet_code_510,62
outlet_code_511,62
outlet_code_512,64
outlet_code_513,12
outlet_code_514,53
outlet_code_515,56
outlet_code_516,68
outlet_code_517,67
outlet_code_518,53
outlet_code_519,26
outlet_code_52,47
outlet_code_520,15
outlet_code_521,29
outlet_code_522,25
outlet_code_523,21
outlet_code_524,68
outlet_code_525,22
outlet_code_526,22
outlet_code_527,68
outlet_code_528,67
outlet_code_529,67
outlet_code_53,6
outlet_code_530,67
outlet_code_531,65
outlet_code_532,65
outlet_code_533,57
outlet_code_534,52
outlet_code_535,10
outlet_code_536,11
outlet_code_537,42
outlet_code_538,48
outlet_code_539,48
outlet_code_54,57
outlet_code_540,42
outlet_code_541,47
outlet_code_542,45
outlet_code_543,26
outlet_code_544,36
outlet_code_545,31
outlet_code_546,67
outlet_code_547,70
outlet_code_548,68
outlet_code_549,38
outlet_code_55,57
outlet_code_550,48
outlet_code_551,49
outlet_code_552,44
outlet_code_553,15
outlet_code_554,9
outlet_code_555,53
outlet_code_556,51
outlet_code_557,50
outlet_code_558,46
outlet_code_559,46
outlet_code_56,59
outlet_code_560,48
outlet_code_561,42
outlet_code_562,42
outlet_code_563,43
outlet_code_564,46
outlet_code_565,45
outlet_code_566,6
outlet_code_567,34
outlet_code_568,30
outlet_code_569,67
outlet_code_57,58
outlet_code_570,17
outlet_code_571,18
outlet_code_572,68
outlet_code_573,71
outlet_code_574,67
outlet_code_575,65
outlet_code_576,65
outlet_code_577,66
outlet_code_578,13
outlet_code_579,11
outlet_code_58,14
outlet_code_580,10
outlet_code_581,43
outlet_code_582,40
outlet_code_583,35
outlet_code_584,34
outlet_code_585,36
outlet_code_586,39
outlet_code_587,55
outlet_code_588,59
outlet_code_589,7
outlet_code_59,47
outlet_code_590,5
outlet_code_591,6
outlet_code_592,67
outlet_code_593,20
outlet_code_594,18
outlet_code_595,65
outlet_code_596,66
outlet_code_597,44
outlet_code_598,11
outlet_code_599,11
outlet_code_6,29
outlet_code_60,65
outlet_code_600,41
outlet_code_601,51
outlet_code_602,44
outlet_code_603,41
outlet_code_604,43
outlet_code_605,52
outlet_code_606,56
outlet_code_607,27
outlet_code_608,34
outlet_code_609,66
outlet_code_61,44
outlet_code_610,19
outlet_code_611,67
outlet_code_612,66
outlet_code_613,65
outlet_code_614,47
outlet_code_615,52
outlet_code_616,12
outlet_code_617,10
outlet_code_618,10
outlet_code_619,10
outlet_code_62,37
outlet_code_620,11
outlet_code_621,44
outlet_code_622,40
outlet_code_623,52
outlet_code_624,59
outlet_code_625,42
outlet_code_626,44
outlet_code_627,31
outlet_code_628,66
outlet_code_629,19
outlet_code_63,40
outlet_code_630,21
outlet_code_631,69
outlet_code_632,70
outlet_code_633,11
outlet_code_634,11
outlet_code_635,12
outlet_code_636,12
outlet_code_637,60
outlet_code_638,38
outlet_code_639,43
outlet_code_64,49
outlet_code_640,49
outlet_code_641,28
outlet_code_642,29
outlet_code_643,5
outlet_code_644,4
outlet_code_645,28
outlet_code_646,68
outlet_code_647,19
outlet_code_648,71
outlet_code_649,66
outlet_code_65,44
outlet_code_650,39
outlet_code_651,12
outlet_code_652,12
outlet_code_653,36
outlet_code_654,52
outlet_code_655,45
outlet_code_656,32
outlet_code_657,5
outlet_code_658,22
outlet_code_659,25
outlet_code_66,43
outlet_code_660,23
outlet_code_661,24
outlet_code_662,63
outlet_code_663,66
outlet_code_664,64
outlet_code_665,19
outlet_code_666,18
outlet_code_667,20
outlet_code_668,61
outlet_code_669,63
outlet_code_67,34
outlet_code_670,34
outlet_code_671,14
outlet_code_672,14
outlet_code_673,14
outlet_code_674,12
outlet_code_675,11
outlet_code_676,50
outlet_code_677,55
outlet_code_678,70
outlet_code_679,62
outlet_code_68,36
outlet_code_680,32
outlet_code_681,5
outlet_code_682,22
outlet_code_683,18
outlet_code_684,62
outlet_code_685,63
outlet_code_686,62
outlet_code_687,61
outlet_code_688,10
outlet_code_689,44
outlet_code_69,29
outlet_code_690,88
outlet_code_691,65
outlet_code_692,42
outlet_code_693,5
outlet_code_694,19
outlet_code_695,22
outlet_code_696,24
outlet_code_697,22
outlet_code_698,62
outlet_code_699,65
outlet_code_7,23
outlet_code_70,64
outlet_code_700,19
outlet_code_701,19
outlet_code_702,19
outlet_code_703,22
outlet_code_704,18
outlet_code_705,17
outlet_code_706,66
outlet_code_707,69
outlet_code_708,13
outlet_code_709,12
outlet_code_71,63
outlet_code_710,60
outlet_code_711,47
outlet_code_712,66
outlet_code_713,72
outlet_code_714,65
outlet_code_715,5
outlet_code_716,23
outlet_code_717,23
outlet_code_718,30
outlet_code_719,64
outlet_code_72,20
outlet_code_720,20
outlet_code_721,20
outlet_code_722,19
outlet_code_723,66
outlet_code_724,63
outlet_code_725,62
outlet_code_726,63
outlet_code_727,67
outlet_code_728,67
outlet_code_729,68
outlet_code_73,20
outlet_code_730,12
outlet_code_731,12
outlet_code_732,13
outlet_code_733,63
outlet_code_734,47
outlet_code_735,49
outlet_code_736,57
outlet_code_737,48
outlet_code_738,23
outlet_code_739,27
outlet_code_74,19
outlet_code_740,38
outlet_code_741,35
outlet_code_742,24
outlet_code_743,64
outlet_code_744,20
outlet_code_745,18
outlet_code_746,20
outlet_code_747,18
outlet_code_748,69
outlet_code_749,66
outlet_code_75,65
outlet_code_750,64
outlet_code_751,66
outlet_code_752,64
outlet_code_753,11
outlet_code_754,13
outlet_code_755,62
outlet_code_756,42
outlet_code_757,43
outlet_code_758,53
outlet_code_759,42
outlet_code_76,65
outlet_code_760,54
outlet_code_761,25
outlet_code_762,63
outlet_code_763,64
outlet_code_764,20
outlet_code_765,64
outlet_code_766,65
outlet_code_767,63
outlet_code_768,64
outlet_code_769,65
outlet_code_77,68
outlet_code_770,63
outlet_code_771,66
outlet_code_772,63
outlet_code_773,12
outlet_code_774,12
outlet_code_775,12
outlet_code_776,42
outlet_code_777,41
outlet_code_778,59
outlet_code_779,47
outlet_code_78,72
outlet_code_780,47
outlet_code_781,49
outlet_code_782,42
outlet_code_783,64
outlet_code_784,48
outlet_code_785,55
outlet_code_786,69
outlet_code_787,71
outlet_code_788,69
outlet_code_789,71
outlet_code_79,71
outlet_code_790,66
outlet_code_791,69
outlet_code_792,46
outlet_code_793,70
outlet_code_794,16
outlet_code_795,13
outlet_code_796,11
outlet_code_797,60
outlet_code_798,61
outlet_code_799,39
outlet_code_8,29
outlet_code_80,63
outlet_code_800,47
outlet_code_801,56
outlet_code_802,55
outlet_code_803,7
outlet_code_804,34
outlet_code_805,31
outlet_code_806,20
outlet_code_807,23
outlet_code_808,72
outlet_code_809,66
outlet_code_81,10
outlet_code_810,68
outlet_code_811,56
outlet_code_812,13
outlet_code_813,13
outlet_code_814,12
outlet_code_815,12
outlet_code_816,64
outlet_code_817,60
outlet_code_818,46
outlet_code_819,60
outlet_code_82,9
outlet_code_820,54
outlet_code_821,58
outlet_code_822,29
outlet_code_823,65
outlet_code_824,22
outlet_code_825,66
outlet_code_826,66
outlet_code_827,64
outlet_code_828,66
outlet_code_829,67
outlet_code_83,49
outlet_code_830,56
outlet_code_831,14
outlet_code_832,14
outlet_code_833,41
outlet_code_834,40
outlet_code_835,79
outlet_code_836,49
outlet_code_837,69
outlet_code_838,48
outlet_code_839,78
outlet_code_84,46
outlet_code_840,62
outlet_code_841,6
outlet_code_842,28
outlet_code_843,23
outlet_code_844,28
outlet_code_845,30
outlet_code_846,69
outlet_code_847,69
outlet_code_848,68
outlet_code_849,71
outlet_code_85,44
outlet_code_850,71
outlet_code_851,13
outlet_code_852,54
outlet_code_853,57
outlet_code_854,54
outlet_code_855,60
outlet_code_856,61
outlet_code_857,46
outlet_code_858,7
outlet_code_859,26
outlet_code_86,34
outlet_code_860,31
outlet_code_861,69
outlet_code_862,71
outlet_code_863,22
outlet_code_864,67
outlet_code_865,67
outlet_code_866,65
outlet_code_867,65
outlet_code_868,73
outlet_code_869,57
outlet_code_87,52
outlet_code_870,60
outlet_code_871,12
outlet_code_872,65
outlet_code_873,66
outlet_code_874,54
outlet_code_875,57
outlet_code_876,49
outlet_code_877,33
outlet_code_878,6
outlet_code_879,6
outlet_code_88,58
outlet_code_880,6
outlet_code_881,35
outlet_code_882,34
outlet_code_883,32
outlet_code_884,40
outlet_code_885,69
outlet_code_886,18
outlet_code_887,20
outlet_code_888,22
outlet_code_889,70
outlet_code_89,34
outlet_code_890,65
outlet_code_891,59
outlet_code_892,61
outlet_code_893,68
outlet_code_894,72
outlet_code_895,16
outlet_code_896,11
outlet_code_897,59
outlet_code_898,64
outlet_code_899,66
outlet_code_9,27
outlet_code_90,30
outlet_code_900,56
outlet_code_901,63
outlet_code_902,46
outlet_code_903,61
outlet_code_904,49
outlet_code_905,66
outlet_code_906,37
outlet_code_907,65
outlet_code_908,68
outlet_code_909,20
outlet_code_91,42
outlet_code_910,21
outlet_code_911,21
outlet_code_912,71
outlet_code_913,60
outlet_code_914,10
outlet_code_915,12
outlet_code_916,12
outlet_code_917,58
outlet_code_918,60
outlet_code_919,59
outlet_code_92,47
outlet_code_920,58
outlet_code_921,87
outlet_code_922,68
outlet_code_923,33
outlet_code_924,6
outlet_code_925,5
outlet_code_926,32
outlet_code_927,29
outlet_code_928,35
outlet_code_929,33
outlet_code_93,39
outlet_code_930,69
outlet_code_931,21
outlet_code_932,19
outlet_code_933,67
outlet_code_934,69
outlet_code_935,71
outlet_code_936,62
outlet_code_937,12
outlet_code_938,15
outlet_code_939,55
outlet_code_94,5
outlet_code_940,47
outlet_code_941,51
outlet_code_942,56
outlet_code_943,56
outlet_code_944,54
outlet_code_945,60
outlet_code_946,43
outlet_code_947,25
outlet_code_948,22
outlet_code_949,18
outlet_code_95,34
outlet_code_950,64
outlet_code_951,65
outlet_code_952,67
outlet_code_953,69
outlet_code_954,81
outlet_code_955,68
outlet_code_956,72
outlet_code_957,63
outlet_code_958,11
outlet_code_959,12
outlet_code_96,25
outlet_code_960,54
outlet_code_961,64
outlet_code_962,87
outlet_code_963,88
outlet_code_964,5
outlet_code_965,35
outlet_code_966,23
outlet_code_967,65
outlet_code_968,68
outlet_code_969,20
outlet_code_97,82
outlet_code_970,21
outlet_code_971,66
outlet_code_972,66
outlet_code_973,66
outlet_code_974,68
outlet_code_975,67
outlet_code_976,67
outlet_code_977,81
outlet_code_978,44
outlet_code_979,65
outlet_code_98,81
outlet_code_980,12
outlet_code_981,45
outlet_code_982,52
outlet_code_983,77
outlet_code_984,53
outlet_code_985,46
outlet_code_986,53
outlet_code_987,57
outlet_code_988,60
outlet_code_989,60
outlet_code_99,22
outlet_code_990,43
outlet_code_991,7
outlet_code_992,34
outlet_code_993,51
outlet_code_994,67
outlet_code_995,65
outlet_code_996,65
outlet_code_997,49
outlet_code_998,51
outlet_code_999,12
